source	source_version	source_language	translation_language	subject_id	predicate_id	source_value	translation_value	translator	translation_precision	translation_status	translator_expertise
http://purl.obolibrary.org/obo/mondo.owl	http://purl.obolibrary.org/obo/mondo/releases/2026-05-05/mondo.owl	en	ja	MONDO:0001315	rdfs:label	neurocirculatory asthenia	神経循環無力症	https://dbcls.rois.ac.jp/index-en.html	EXACT	OFFICIAL	PROFESSIONAL_TRANSLATOR
http://purl.obolibrary.org/obo/mondo.owl	http://purl.obolibrary.org/obo/mondo/releases/2026-05-05/mondo.owl	en	ja	MONDO:0003707	rdfs:label	distal biliary tract carcinoma	遠位胆道癌	https://dbcls.rois.ac.jp/index-en.html	EXACT	OFFICIAL	PROFESSIONAL_TRANSLATOR
http://purl.obolibrary.org/obo/mondo.owl	http://purl.obolibrary.org/obo/mondo/releases/2026-05-05/mondo.owl	en	ja	MONDO:0005719	rdfs:label	Coronavinae infectious disease	コロナウイルス感染症	https://dbcls.rois.ac.jp/index-en.html	EXACT	OFFICIAL	PROFESSIONAL_TRANSLATOR
http://purl.obolibrary.org/obo/mondo.owl	http://purl.obolibrary.org/obo/mondo/releases/2026-05-05/mondo.owl	en	ja	MONDO:0008002	rdfs:label	mirror movements 1	鏡像運動1	https://dbcls.rois.ac.jp/index-en.html	EXACT	OFFICIAL	PROFESSIONAL_TRANSLATOR
http://purl.obolibrary.org/obo/mondo.owl	http://purl.obolibrary.org/obo/mondo/releases/2026-05-05/mondo.owl	en	ja	MONDO:0008006	rdfs:label	Mobius syndrome	メビウス症候群	https://dbcls.rois.ac.jp/index-en.html	EXACT	OFFICIAL	PROFESSIONAL_TRANSLATOR
http://purl.obolibrary.org/obo/mondo.owl	http://purl.obolibrary.org/obo/mondo/releases/2026-05-05/mondo.owl	en	ja	MONDO:0008090	rdfs:label	cyclic hematopoiesis	周期性好中球減少症	https://dbcls.rois.ac.jp/index-en.html	EXACT	OFFICIAL	PROFESSIONAL_TRANSLATOR
http://purl.obolibrary.org/obo/mondo.owl	http://purl.obolibrary.org/obo/mondo/releases/2026-05-05/mondo.owl	en	ja	MONDO:0008284	rdfs:label	polyposis of gastric fundus without polyposis coli	大腸ポリポーシスを伴わない胃底部ポリポーシス	https://dbcls.rois.ac.jp/index-en.html	EXACT	OFFICIAL	PROFESSIONAL_TRANSLATOR
http://purl.obolibrary.org/obo/mondo.owl	http://purl.obolibrary.org/obo/mondo/releases/2026-05-05/mondo.owl	en	ja	MONDO:0009145	rdfs:label	SchC6pf-Schulz-Passarge syndrome	SchC6pf-Schulz-Passarge syndrome 症候群	https://dbcls.rois.ac.jp/index-en.html	EXACT	UNDER_REVIEW	DOMAIN_EXPERT
http://purl.obolibrary.org/obo/mondo.owl	http://purl.obolibrary.org/obo/mondo/releases/2026-05-05/mondo.owl	en	ja	MONDO:0009271	rdfs:label	geroderma osteodysplastica	皮膚早老性骨異形成	https://dbcls.rois.ac.jp/index-en.html	EXACT	OFFICIAL	PROFESSIONAL_TRANSLATOR
http://purl.obolibrary.org/obo/mondo.owl	http://purl.obolibrary.org/obo/mondo/releases/2026-05-05/mondo.owl	en	ja	MONDO:0009843	rdfs:label	hypomyelinating leukodystrophy 3	ミエリン形成不全性白質ジストロフィー3	https://dbcls.rois.ac.jp/index-en.html	EXACT	OFFICIAL	PROFESSIONAL_TRANSLATOR
http://purl.obolibrary.org/obo/mondo.owl	http://purl.obolibrary.org/obo/mondo/releases/2026-05-05/mondo.owl	en	ja	MONDO:0010829	rdfs:label	CARASIL syndrome	禿頭と変形性脊椎症を伴う常染色体劣性白質脳症	https://dbcls.rois.ac.jp/index-en.html	EXACT	OFFICIAL	PROFESSIONAL_TRANSLATOR
http://purl.obolibrary.org/obo/mondo.owl	http://purl.obolibrary.org/obo/mondo/releases/2026-05-05/mondo.owl	en	ja	MONDO:0011010	rdfs:label	Matthew-Wood syndrome	Matthew-Wood症候群	https://dbcls.rois.ac.jp/index-en.html	EXACT	OFFICIAL	PROFESSIONAL_TRANSLATOR
http://purl.obolibrary.org/obo/mondo.owl	http://purl.obolibrary.org/obo/mondo/releases/2026-05-05/mondo.owl	en	ja	MONDO:0011099	rdfs:label	human HOXA1 syndromes	ヒトHOXA1症候群	https://dbcls.rois.ac.jp/index-en.html	EXACT	OFFICIAL	PROFESSIONAL_TRANSLATOR
http://purl.obolibrary.org/obo/mondo.owl	http://purl.obolibrary.org/obo/mondo/releases/2026-05-05/mondo.owl	en	ja	MONDO:0011271	rdfs:label	rigid spine muscular dystrophy 1	脊椎強直性筋ジストロフィー 1	https://dbcls.rois.ac.jp/index-en.html	EXACT	OFFICIAL	PROFESSIONAL_TRANSLATOR
http://purl.obolibrary.org/obo/mondo.owl	http://purl.obolibrary.org/obo/mondo/releases/2026-05-05/mondo.owl	en	ja	MONDO:0011479	rdfs:label	postural orthostatic tachycardia syndrome	起立不応症	https://dbcls.rois.ac.jp/index-en.html	EXACT	UNDER_REVIEW	DOMAIN_EXPERT
http://purl.obolibrary.org/obo/mondo.owl	http://purl.obolibrary.org/obo/mondo/releases/2026-05-05/mondo.owl	en	ja	MONDO:0012125	rdfs:label	hypomyelinating leukodystrophy 2	ミエリン形成不全性白質ジストロフィー2	https://dbcls.rois.ac.jp/index-en.html	EXACT	OFFICIAL	PROFESSIONAL_TRANSLATOR
http://purl.obolibrary.org/obo/mondo.owl	http://purl.obolibrary.org/obo/mondo/releases/2026-05-05/mondo.owl	en	ja	MONDO:0012144	rdfs:label	Waardenburg syndrome type 2D	ワールデンブルグ症候群2D型	https://dbcls.rois.ac.jp/index-en.html	EXACT	OFFICIAL	PROFESSIONAL_TRANSLATOR
http://purl.obolibrary.org/obo/mondo.owl	http://purl.obolibrary.org/obo/mondo/releases/2026-05-05/mondo.owl	en	ja	MONDO:0012514	rdfs:label	hypomyelinating leukodystrophy 5	ミエリン形成不全性白質ジストロフィー5	https://dbcls.rois.ac.jp/index-en.html	EXACT	OFFICIAL	PROFESSIONAL_TRANSLATOR
http://purl.obolibrary.org/obo/mondo.owl	http://purl.obolibrary.org/obo/mondo/releases/2026-05-05/mondo.owl	en	ja	MONDO:0012824	rdfs:label	hypomyelinating leukodystrophy 4	ミエリン形成不全性白質ジストロフィー4	https://dbcls.rois.ac.jp/index-en.html	EXACT	OFFICIAL	PROFESSIONAL_TRANSLATOR
http://purl.obolibrary.org/obo/mondo.owl	http://purl.obolibrary.org/obo/mondo/releases/2026-05-05/mondo.owl	en	ja	MONDO:0012873	rdfs:label	Ehlers-Danlos syndrome, spondylocheirodysplastic type	エーラス・ダンロス症候群, 脊椎手掌異形成型	https://dbcls.rois.ac.jp/index-en.html	EXACT	OFFICIAL	PROFESSIONAL_TRANSLATOR
http://purl.obolibrary.org/obo/mondo.owl	http://purl.obolibrary.org/obo/mondo/releases/2026-05-05/mondo.owl	en	ja	MONDO:0012905	rdfs:label	hypomyelinating leukodystrophy 6	ミエリン形成不全性白質ジストロフィー6	https://dbcls.rois.ac.jp/index-en.html	EXACT	OFFICIAL	PROFESSIONAL_TRANSLATOR
http://purl.obolibrary.org/obo/mondo.owl	http://purl.obolibrary.org/obo/mondo/releases/2026-05-05/mondo.owl	en	ja	MONDO:0012953	rdfs:label	colorectal cancer, susceptibility to, 10	大腸癌, 感受性, 10	https://dbcls.rois.ac.jp/index-en.html	EXACT	OFFICIAL	PROFESSIONAL_TRANSLATOR
http://purl.obolibrary.org/obo/mondo.owl	http://purl.obolibrary.org/obo/mondo/releases/2026-05-05/mondo.owl	en	ja	MONDO:0013722	rdfs:label	hypomyelinating leukodystrophy 8 with or without oligodontia and-or hypogonadotropic hypogonadism	乏歯および/または低ゴナドトロピン性性腺機能低下を伴うまたは伴わないミエリン形成不全性白質ジストロフィー8	https://dbcls.rois.ac.jp/index-en.html	EXACT	OFFICIAL	PROFESSIONAL_TRANSLATOR
http://purl.obolibrary.org/obo/mondo.owl	http://purl.obolibrary.org/obo/mondo/releases/2026-05-05/mondo.owl	en	ja	MONDO:0013805	rdfs:label	intellectual disability, autosomal dominant 13	知的障害, 常染色体顕性13	https://dbcls.rois.ac.jp/index-en.html	EXACT	OFFICIAL	PROFESSIONAL_TRANSLATOR
http://purl.obolibrary.org/obo/mondo.owl	http://purl.obolibrary.org/obo/mondo/releases/2026-05-05/mondo.owl	en	ja	MONDO:0013889	rdfs:label	short stature-optic atrophy-Pelger-HuC+t anomaly syndrome	低身長-視神経萎縮-Pelger-Huët核異常症候群	https://dbcls.rois.ac.jp/index-en.html	EXACT	OFFICIAL	PROFESSIONAL_TRANSLATOR
http://purl.obolibrary.org/obo/mondo.owl	http://purl.obolibrary.org/obo/mondo/releases/2026-05-05/mondo.owl	en	ja	MONDO:0014486	rdfs:label	intellectual disability, autosomal dominant 30	知的障害, 常染色体顕性30	https://dbcls.rois.ac.jp/index-en.html	EXACT	OFFICIAL	PROFESSIONAL_TRANSLATOR
http://purl.obolibrary.org/obo/mondo.owl	http://purl.obolibrary.org/obo/mondo/releases/2026-05-05/mondo.owl	en	ja	MONDO:0014506	rdfs:label	hypomyelinating leukodystrophy 9	ミエリン形成不全性白質ジストロフィー9	https://dbcls.rois.ac.jp/index-en.html	EXACT	OFFICIAL	PROFESSIONAL_TRANSLATOR
http://purl.obolibrary.org/obo/mondo.owl	http://purl.obolibrary.org/obo/mondo/releases/2026-05-05/mondo.owl	en	ja	MONDO:0014632	rdfs:label	hypomyelinating leukodystrophy 10	ミエリン形成不全性白質ジストロフィー10	https://dbcls.rois.ac.jp/index-en.html	EXACT	OFFICIAL	PROFESSIONAL_TRANSLATOR
http://purl.obolibrary.org/obo/mondo.owl	http://purl.obolibrary.org/obo/mondo/releases/2026-05-05/mondo.owl	en	ja	MONDO:0014666	rdfs:label	hypomyelinating leukodystrophy 11	ミエリン形成不全性白質ジストロフィー11	https://dbcls.rois.ac.jp/index-en.html	EXACT	OFFICIAL	PROFESSIONAL_TRANSLATOR
http://purl.obolibrary.org/obo/mondo.owl	http://purl.obolibrary.org/obo/mondo/releases/2026-05-05/mondo.owl	en	ja	MONDO:0014732	rdfs:label	hypomyelinating leukodystrophy 12	ミエリン形成不全性白質ジストロフィー12	https://dbcls.rois.ac.jp/index-en.html	EXACT	OFFICIAL	PROFESSIONAL_TRANSLATOR
http://purl.obolibrary.org/obo/mondo.owl	http://purl.obolibrary.org/obo/mondo/releases/2026-05-05/mondo.owl	en	ja	MONDO:0014757	rdfs:label	macrothrombocytopenia-lymphedema-developmental delay-facial dysmorphism-camptodactyly syndrome	巨大血小板性血小板減少症-リンパ浮腫-発達遅滞-顔面異形-屈指症候群	https://dbcls.rois.ac.jp/index-en.html	EXACT	OFFICIAL	PROFESSIONAL_TRANSLATOR
http://purl.obolibrary.org/obo/mondo.owl	http://purl.obolibrary.org/obo/mondo/releases/2026-05-05/mondo.owl	en	ja	MONDO:0014813	rdfs:label	hypomyelinating leukodystrophy 13	ミエリン形成不全性白質ジストロフィー13	https://dbcls.rois.ac.jp/index-en.html	EXACT	OFFICIAL	PROFESSIONAL_TRANSLATOR
http://purl.obolibrary.org/obo/mondo.owl	http://purl.obolibrary.org/obo/mondo/releases/2026-05-05/mondo.owl	en	ja	MONDO:0014866	rdfs:label	Charcot-Marie-Tooth disease axonal type 2T	シャルコー・マリー・トゥース病, 軸索型2T	https://dbcls.rois.ac.jp/index-en.html	EXACT	OFFICIAL	PROFESSIONAL_TRANSLATOR
http://purl.obolibrary.org/obo/mondo.owl	http://purl.obolibrary.org/obo/mondo/releases/2026-05-05/mondo.owl	en	ja	MONDO:0014996	rdfs:label	intellectual disability, autosomal recessive 58	知的障害, 常染色体潜性58	https://dbcls.rois.ac.jp/index-en.html	EXACT	OFFICIAL	PROFESSIONAL_TRANSLATOR
http://purl.obolibrary.org/obo/mondo.owl	http://purl.obolibrary.org/obo/mondo/releases/2026-05-05/mondo.owl	en	ja	MONDO:0016061	rdfs:label	immunodeficiency with factor H anomaly	H因子異常を伴う免疫不全症	https://dbcls.rois.ac.jp/index-en.html	EXACT	OFFICIAL	ALGORITHM
http://purl.obolibrary.org/obo/mondo.owl	http://purl.obolibrary.org/obo/mondo/releases/2026-05-05/mondo.owl	en	ja	MONDO:0017389	rdfs:label	tetrahydrobiopterin-responsive hyperphenylalaninemia/phenylketonuria	テトラヒドロビオプテリン反応性高フェニルアラニン血症/フェニルケトン尿症	https://dbcls.rois.ac.jp/index-en.html	EXACT	OFFICIAL	PROFESSIONAL_TRANSLATOR
http://purl.obolibrary.org/obo/mondo.owl	http://purl.obolibrary.org/obo/mondo/releases/2026-05-05/mondo.owl	en	ja	MONDO:0019398	rdfs:label	desmin-related myopathy with Mallory body-like inclusions	マロリー体様封入体を伴うデスミン関連ミオパチー	https://dbcls.rois.ac.jp/index-en.html	EXACT	OFFICIAL	PROFESSIONAL_TRANSLATOR
http://purl.obolibrary.org/obo/mondo.owl	http://purl.obolibrary.org/obo/mondo/releases/2026-05-05/mondo.owl	en	ja	MONDO:0020040	rdfs:label	46,XY disorder of sex development	46,XY性分化疾患	https://dbcls.rois.ac.jp/index-en.html	EXACT	OFFICIAL	PROFESSIONAL_TRANSLATOR
http://purl.obolibrary.org/obo/mondo.owl	http://purl.obolibrary.org/obo/mondo/releases/2026-05-05/mondo.owl	en	ja	MONDO:0020250	rdfs:label	autosomal dominant optic atrophy	常染色体優性視神経萎縮症	https://dbcls.rois.ac.jp/index-en.html	EXACT	UNDER_REVIEW	DOMAIN_EXPERT
http://purl.obolibrary.org/obo/mondo.owl	http://purl.obolibrary.org/obo/mondo/releases/2026-05-05/mondo.owl	en	ja	MONDO:0020521	rdfs:label	Ehlers-Danlos syndrome type 7A	エーラス・ダンロス症候群7A型	https://dbcls.rois.ac.jp/index-en.html	EXACT	OFFICIAL	PROFESSIONAL_TRANSLATOR
http://purl.obolibrary.org/obo/mondo.owl	http://purl.obolibrary.org/obo/mondo/releases/2026-05-05/mondo.owl	en	ja	MONDO:0020738	rdfs:label	multiple benign circumferential skin creases on limbs 1	皮膚溝, 先天性対称性周囲, 1	https://dbcls.rois.ac.jp/index-en.html	EXACT	OFFICIAL	PROFESSIONAL_TRANSLATOR
http://purl.obolibrary.org/obo/mondo.owl	http://purl.obolibrary.org/obo/mondo/releases/2026-05-05/mondo.owl	en	ja	MONDO:0021834	rdfs:label	Akaba Hayasaka syndrome	Akaba Hayasaka症候群	https://dbcls.rois.ac.jp/index-en.html	EXACT	OFFICIAL	ALGORITHM
http://purl.obolibrary.org/obo/mondo.owl	http://purl.obolibrary.org/obo/mondo/releases/2026-05-05/mondo.owl	en	ja	MONDO:0022070	rdfs:label	Cantu sanchez-corona hernandez syndrome	Cantu Sanchez-Corona Hernandez症候群	https://dbcls.rois.ac.jp/index-en.html	EXACT	OFFICIAL	ALGORITHM
http://purl.obolibrary.org/obo/mondo.owl	http://purl.obolibrary.org/obo/mondo/releases/2026-05-05/mondo.owl	en	ja	MONDO:0030528	rdfs:label	immunodeficiency 93 and hypertrophic cardiomyopathy	免疫不全症93および肥大型心筋症	https://dbcls.rois.ac.jp/index-en.html	EXACT	OFFICIAL	PROFESSIONAL_TRANSLATOR
http://purl.obolibrary.org/obo/mondo.owl	http://purl.obolibrary.org/obo/mondo/releases/2026-05-05/mondo.owl	en	ja	MONDO:0030714	rdfs:label	osteogenesis imperfecta, IIA 22	骨形成不全症, IIA 22	https://dbcls.rois.ac.jp/index-en.html	EXACT	OFFICIAL	PROFESSIONAL_TRANSLATOR
http://purl.obolibrary.org/obo/mondo.owl	http://purl.obolibrary.org/obo/mondo/releases/2026-05-05/mondo.owl	en	ja	MONDO:0030910	rdfs:label	intellectual disability, autosomal dominant 45	知的障害, 常染色体顕性45	https://dbcls.rois.ac.jp/index-en.html	EXACT	OFFICIAL	PROFESSIONAL_TRANSLATOR
http://purl.obolibrary.org/obo/mondo.owl	http://purl.obolibrary.org/obo/mondo/releases/2026-05-05/mondo.owl	en	ja	MONDO:0030919	rdfs:label	intellectual disability, autosomal dominant 53	知的障害, 常染色体顕性53	https://dbcls.rois.ac.jp/index-en.html	EXACT	OFFICIAL	PROFESSIONAL_TRANSLATOR
http://purl.obolibrary.org/obo/mondo.owl	http://purl.obolibrary.org/obo/mondo/releases/2026-05-05/mondo.owl	en	ja	MONDO:0030920	rdfs:label	intellectual disability, autosomal dominant 54	知的障害, 常染色体顕性54	https://dbcls.rois.ac.jp/index-en.html	EXACT	OFFICIAL	PROFESSIONAL_TRANSLATOR
http://purl.obolibrary.org/obo/mondo.owl	http://purl.obolibrary.org/obo/mondo/releases/2026-05-05/mondo.owl	en	ja	MONDO:0030921	rdfs:label	intellectual disability, autosomal dominant 55, with seizures	知的障害, 常染色体顕性55, けいれんを伴う	https://dbcls.rois.ac.jp/index-en.html	EXACT	OFFICIAL	PROFESSIONAL_TRANSLATOR
http://purl.obolibrary.org/obo/mondo.owl	http://purl.obolibrary.org/obo/mondo/releases/2026-05-05/mondo.owl	en	ja	MONDO:0030947	rdfs:label	neurodegeneration, childhood-onset, with hypotonia, respiratory insufficiency, and brain imaging abnormalities	神経変性症, 小児期発症, 筋緊張低下, 呼吸不全, および脳画像異常を伴う	https://dbcls.rois.ac.jp/index-en.html	EXACT	OFFICIAL	PROFESSIONAL_TRANSLATOR
http://purl.obolibrary.org/obo/mondo.owl	http://purl.obolibrary.org/obo/mondo/releases/2026-05-05/mondo.owl	en	ja	MONDO:0032659	rdfs:label	mucocutaneous ulceration, chronic	皮膚粘膜潰瘍, 慢性	https://dbcls.rois.ac.jp/index-en.html	EXACT	OFFICIAL	PROFESSIONAL_TRANSLATOR
http://purl.obolibrary.org/obo/mondo.owl	http://purl.obolibrary.org/obo/mondo/releases/2026-05-05/mondo.owl	en	ja	MONDO:0034021	rdfs:label	spondylodysplastic Ehlers-Danlos syndrome	脊椎異形成型エーラス・ダンロス症候群	https://dbcls.rois.ac.jp/index-en.html	EXACT	OFFICIAL	PROFESSIONAL_TRANSLATOR
http://purl.obolibrary.org/obo/mondo.owl	http://purl.obolibrary.org/obo/mondo/releases/2026-05-05/mondo.owl	en	ja	MONDO:0035551	rdfs:label	cathepsin a-related arteriopathy-strokes-leukoencephalopathy	カテプシンA関連動脈症-脳卒中-白質脳症	https://dbcls.rois.ac.jp/index-en.html	EXACT	OFFICIAL	PROFESSIONAL_TRANSLATOR
http://purl.obolibrary.org/obo/mondo.owl	http://purl.obolibrary.org/obo/mondo/releases/2026-05-05/mondo.owl	en	ja	MONDO:0035694	rdfs:label	combined immunodeficiency due to RELA haploinsufficiency	RELAハプロ不全による複合免疫不全症	https://dbcls.rois.ac.jp/index-en.html	EXACT	OFFICIAL	PROFESSIONAL_TRANSLATOR
http://purl.obolibrary.org/obo/mondo.owl	http://purl.obolibrary.org/obo/mondo/releases/2026-05-05/mondo.owl	en	ja	MONDO:0044788	rdfs:label	perihilar intrahepatic cholangiocarcinoma	肝門部領域肝内胆管癌	https://dbcls.rois.ac.jp/index-en.html	EXACT	OFFICIAL	PROFESSIONAL_TRANSLATOR
http://purl.obolibrary.org/obo/mondo.owl	http://purl.obolibrary.org/obo/mondo/releases/2026-05-05/mondo.owl	en	ja	MONDO:0054861	rdfs:label	intellectual disability, autosomal recessive 63	知的障害, 常染色体潜性63	https://dbcls.rois.ac.jp/index-en.html	EXACT	OFFICIAL	PROFESSIONAL_TRANSLATOR
http://purl.obolibrary.org/obo/mondo.owl	http://purl.obolibrary.org/obo/mondo/releases/2026-05-05/mondo.owl	en	ja	MONDO:0100009	rdfs:label	structural congenital heart disease, multiple types - GATA4	先天性構造的心疾患, 複合型-GATA4	https://dbcls.rois.ac.jp/index-en.html	EXACT	OFFICIAL	PROFESSIONAL_TRANSLATOR
http://purl.obolibrary.org/obo/mondo.owl	http://purl.obolibrary.org/obo/mondo/releases/2026-05-05/mondo.owl	en	ja	MONDO:0100025	rdfs:label	epilepsy of infancy with migrating focal seizures	遊走性焦点発作を伴う乳児てんかん	https://dbcls.rois.ac.jp/index-en.html	EXACT	OFFICIAL	PROFESSIONAL_TRANSLATOR
http://purl.obolibrary.org/obo/mondo.owl	http://purl.obolibrary.org/obo/mondo/releases/2026-05-05/mondo.owl	en	ja	MONDO:0100089	rdfs:label	GATA1-Related X-Linked Cytopenia	GATA1関連X連鎖性血球減少症	https://dbcls.rois.ac.jp/index-en.html	EXACT	OFFICIAL	ALGORITHM
http://purl.obolibrary.org/obo/mondo.owl	http://purl.obolibrary.org/obo/mondo/releases/2026-05-05/mondo.owl	en	ja	MONDO:0100100	rdfs:label	SELENON-related myopathy	SELENON関連ミオパチー	https://dbcls.rois.ac.jp/index-en.html	EXACT	OFFICIAL	ALGORITHM
http://purl.obolibrary.org/obo/mondo.owl	http://purl.obolibrary.org/obo/mondo/releases/2026-05-05/mondo.owl	en	ja	MONDO:0100351	rdfs:label	POLD1-related polyposis and colorectal cancer syndrome	POLD1関連ポリポーシスおよび大腸癌症候群	https://dbcls.rois.ac.jp/index-en.html	EXACT	OFFICIAL	PROFESSIONAL_TRANSLATOR
http://purl.obolibrary.org/obo/mondo.owl	http://purl.obolibrary.org/obo/mondo/releases/2026-05-05/mondo.owl	en	ja	MONDO:0100540	rdfs:label	GATA6-related congenital heart disease with or without pancreatic agenesis or neonatal diabetes	膵無発生を伴うまたは伴わないGATA6関連心疾患	https://dbcls.rois.ac.jp/index-en.html	EXACT	OFFICIAL	PROFESSIONAL_TRANSLATOR
http://purl.obolibrary.org/obo/mondo.owl	http://purl.obolibrary.org/obo/mondo/releases/2026-05-05/mondo.owl	en	ja	MONDO:0100586	rdfs:label	B3GALT6-congenital disorder of glycosylation	B3GALT6-先天性グリコシル化異常症	https://dbcls.rois.ac.jp/index-en.html	EXACT	OFFICIAL	PROFESSIONAL_TRANSLATOR
http://purl.obolibrary.org/obo/mondo.owl	http://purl.obolibrary.org/obo/mondo/releases/2026-05-05/mondo.owl	en	ja	MONDO:0100587	rdfs:label	A4GALT-congenital disorder of glycosylation	A4GALT-先天性グリコシル化異常症	https://dbcls.rois.ac.jp/index-en.html	EXACT	OFFICIAL	PROFESSIONAL_TRANSLATOR
http://purl.obolibrary.org/obo/mondo.owl	http://purl.obolibrary.org/obo/mondo/releases/2026-05-05/mondo.owl	en	ja	MONDO:0600011	rdfs:label	mild hypophosphatasia	軽症低ホスファターゼ症	https://dbcls.rois.ac.jp/index-en.html	EXACT	OFFICIAL	ALGORITHM
http://purl.obolibrary.org/obo/mondo.owl	http://purl.obolibrary.org/obo/mondo/releases/2026-05-05/mondo.owl	en	ja	MONDO:0800446	rdfs:label	bleeding diathesis due to thromboxane synthesis deficiency	トロンボキサン合成酵素欠乏による出血性素因	https://dbcls.rois.ac.jp/index-en.html	EXACT	OFFICIAL	PROFESSIONAL_TRANSLATOR
http://purl.obolibrary.org/obo/mondo.owl	http://purl.obolibrary.org/obo/mondo/releases/2026-05-05/mondo.owl	en	ja	MONDO:0850059	rdfs:label	hereditary persistence of fetal hemoglobin-intellectual disability syndrome	遺伝性高胎児ヘモグロビン症-知的障害症候群	https://dbcls.rois.ac.jp/index-en.html	EXACT	OFFICIAL	PROFESSIONAL_TRANSLATOR
http://purl.obolibrary.org/obo/mondo.owl	http://purl.obolibrary.org/obo/mondo/releases/2026-05-05/mondo.owl	en	ja	MONDO:0850095	rdfs:label	X-linked severe syndromic thoracic aortic aneurysm and dissection	X連鎖性症候性胸部大動脈瘤および解離	https://dbcls.rois.ac.jp/index-en.html	EXACT	OFFICIAL	PROFESSIONAL_TRANSLATOR
http://purl.obolibrary.org/obo/mondo.owl	http://purl.obolibrary.org/obo/mondo/releases/2026-05-05/mondo.owl	en	ja	MONDO:0850115	rdfs:label	early-onset obesity-hyperphagia-severe developmental delay syndrome	早発性肥満-摂食亢進-重度発達遅滞症候群	https://dbcls.rois.ac.jp/index-en.html	EXACT	OFFICIAL	PROFESSIONAL_TRANSLATOR
http://purl.obolibrary.org/obo/mondo.owl	http://purl.obolibrary.org/obo/mondo/releases/2026-05-05/mondo.owl	en	ja	MONDO:0859002	rdfs:label	intellectual disability-early-onset cataract-microcephaly syndrome	知的障害-早発性白内障-小頭症症候群	https://dbcls.rois.ac.jp/index-en.html	EXACT	OFFICIAL	PROFESSIONAL_TRANSLATOR
http://purl.obolibrary.org/obo/mondo.owl	http://purl.obolibrary.org/obo/mondo/releases/2026-05-05/mondo.owl	en	ja	MONDO:0859244	rdfs:label	phosphoribosylaminoimidazole carboxylase deficiency	ホスホリボシルアミノイミダゾールカルボキシラーゼ欠損症	https://dbcls.rois.ac.jp/index-en.html	EXACT	OFFICIAL	PROFESSIONAL_TRANSLATOR
http://purl.obolibrary.org/obo/mondo.owl	http://purl.obolibrary.org/obo/mondo/releases/2026-05-05/mondo.owl	en	ja	MONDO:0958129	rdfs:label	COQ7-related distal hereditary motor neuropathy	COQ7関連遠位遺伝性運動性ニューロパチー	https://dbcls.rois.ac.jp/index-en.html	EXACT	OFFICIAL	PROFESSIONAL_TRANSLATOR
http://purl.obolibrary.org/obo/mondo.owl	http://purl.obolibrary.org/obo/mondo/releases/2026-05-05/mondo.owl	en	ja	MONDO:0971094	rdfs:label	cardiac anomalies-short stature-joint hypermobility-facial dysmorphism syndrome due to TAB2 mutation	TAB2変異による心奇形-低身長-関節過可動性-顔面異形症候群	https://dbcls.rois.ac.jp/index-en.html	EXACT	OFFICIAL	PROFESSIONAL_TRANSLATOR
http://purl.obolibrary.org/obo/mondo.owl	http://purl.obolibrary.org/obo/mondo/releases/2026-05-05/mondo.owl	en	ja	MONDO:0975834	rdfs:label	immunodeficiency 128	免疫不全症128	https://dbcls.rois.ac.jp/index-en.html	EXACT	OFFICIAL	PROFESSIONAL_TRANSLATOR
http://purl.obolibrary.org/obo/mondo.owl	http://purl.obolibrary.org/obo/mondo/releases/2026-05-05/mondo.owl	en	ja	MONDO:0976228	rdfs:label	immunodeficiency 132b	免疫不全症132b	https://dbcls.rois.ac.jp/index-en.html	EXACT	OFFICIAL	PROFESSIONAL_TRANSLATOR
http://purl.obolibrary.org/obo/mondo.owl	http://purl.obolibrary.org/obo/mondo/releases/2026-05-05/mondo.owl	en	ja	MONDO:1012475	rdfs:label	recurrent uveitis, horse	回帰性ぶどう膜炎, ウマ	https://dbcls.rois.ac.jp/index-en.html	EXACT	OFFICIAL	PROFESSIONAL_TRANSLATOR
http://purl.obolibrary.org/obo/mondo.owl	http://purl.obolibrary.org/obo/mondo/releases/2026-05-05/mondo.owl	en	ja	MONDO:7770244	rdfs:label	Waldenstrﾃｶm macroglobulinaemia, dog		https://dbcls.rois.ac.jp/index-en.html		NOT_TRANSLATED	
