mondo_id	property	value_old	value_new
MONDO:0003707	label	distal biliary tract carcinoma	distal cholangiocarcinoma
MONDO:0008002	label	mirror movements 1	obsolete mirror movements 1
MONDO:0008090	label	cyclic hematopoiesis	cyclic neutropenia
MONDO:0009271	label	geroderma osteodysplastica	geroderma osteodysplasticum
MONDO:0100586	label	B3GALT6-congenital disorder of glycosylation	B3GALT6-related congenital disorder of glycosylation
MONDO:0100089	label	GATA1-Related X-Linked Cytopenia	GATA1-related cytopenia
MONDO:0011099	label	human HOXA1 syndromes	HOXA1-related syndrome
MONDO:0012144	label	Waardenburg syndrome type 2D	obsolete Waardenburg syndrome type 2D
MONDO:0012873	label	Ehlers-Danlos syndrome, spondylocheirodysplastic type	Ehlers-Danlos syndrome, spondylodysplastic type, 3
MONDO:0012953	label	colorectal cancer, susceptibility to, 10	POLD1-related polyposis and colorectal cancer syndrome
MONDO:0800446	label	bleeding diathesis due to thromboxane synthesis deficiency	bleeding diathesis due to thromboxane A2 receptor variants
MONDO:0013805	label	intellectual disability, autosomal dominant 13	cortical dysplasia, complex, with other brain malformations 13
MONDO:0014486	label	intellectual disability, autosomal dominant 30	intellectual developmental disorder, autosomal dominant 30, with speech delay and behavioral abnormalities
MONDO:0014757	label	macrothrombocytopenia-lymphedema-developmental delay-facial dysmorphism-camptodactyly syndrome	Takenouchi-Kosaki syndrome
MONDO:0014904	label	congenital disorder of glycosylation, type IAA	congenital disorder of glycosylation, type Iaa
MONDO:0014996	label	intellectual disability, autosomal recessive 58	intellectual developmental disorder, autosomal recessive 58
MONDO:0017389	label	tetrahydrobiopterin-responsive hyperphenylalaninemia/phenylketonuria	tetrahydrobiopterin-responsive phenylketonuria
MONDO:0020250	label	autosomal dominant optic atrophy	obsolete autosomal dominant optic atrophy
MONDO:0020521	label	Ehlers-Danlos syndrome type 7A	Ehlers-Danlos syndrome arthrochalasia type 1
MONDO:0020738	label	multiple benign circumferential skin creases on limbs 1	skin creases, congenital symmetric circumferential, 1
MONDO:0022070	label	Cantu Sanchez-Corona Hernandez syndrome	obsolete Cantu Sanchez-Corona Hernandez syndrome
MONDO:0030528	label	immunodeficiency 93 and hypertrophic cardiomyopathy	obsolete immunodeficiency 93 and hypertrophic cardiomyopathy
MONDO:0030910	label	intellectual disability, autosomal dominant 45	intellectual developmental disorder, autosomal dominant 45
MONDO:0030919	label	intellectual disability, autosomal dominant 53	intellectual developmental disorder, autosomal dominant 53
MONDO:0030920	label	intellectual disability, autosomal dominant 54	intellectual developmental disorder, autosomal dominant 54
MONDO:0030921	label	intellectual disability, autosomal dominant 55, with seizures	intellectual developmental disorder, autosomal dominant 55, with seizures
MONDO:0030947	label	neurodegeneration, childhood-onset, with hypotonia, respiratory insufficiency, and brain imaging abnormalities	neuronal ceroid lipofuscinosis 15
MONDO:0032659	label	mucocutaneous ulceration, chronic	autoinflammatory disease, familial, Behcet-like-3
MONDO:0034021	label	spondylodysplastic Ehlers-Danlos syndrome	obsolete spondylodysplastic Ehlers-Danlos syndrome
MONDO:0035551	label	cathepsin a-related arteriopathy-strokes-leukoencephalopathy	obsolete cathepsin a-related arteriopathy-strokes-leukoencephalopathy
MONDO:0035694	label	combined immunodeficiency due to RELA haploinsufficiency	obsolete immune deficiency and dysregulation due to RELA insufficiency
MONDO:0044788	label	perihilar intrahepatic cholangiocarcinoma	large duct intrahepatic cholangiocarcinoma
MONDO:0054861	label	intellectual disability, autosomal recessive 63	intellectual developmental disorder, autosomal recessive 63
MONDO:0100351	label	POLD1-related polyposis and colorectal cancer syndrome	obsolete POLD1-related polyposis and colorectal cancer syndrome
MONDO:0100587	label	A4GALT-congenital disorder of glycosylation	A4GALT-related congenital disorder of glycosylation
MONDO:0850059	label	hereditary persistence of fetal hemoglobin-intellectual disability syndrome	obsolete hereditary persistence of fetal hemoglobin-intellectual disability syndrome
MONDO:0850095	label	X-linked severe syndromic thoracic aortic aneurysm and dissection	obsolete X-linked severe syndromic thoracic aortic aneurysm and dissection
MONDO:0850115	label	early-onset obesity-hyperphagia-severe developmental delay syndrome	obsolete early-onset obesity-hyperphagia-severe developmental delay syndrome
MONDO:0859002	label	intellectual disability-early-onset cataract-microcephaly syndrome	obsolete intellectual disability-early-onset cataract-microcephaly syndrome
MONDO:0958095	label	Nodal T-follicular helper cell lymphoma, follicular type	nodal T-follicular helper cell lymphoma, follicular type
MONDO:0975834	label	immunodeficiency 128	obsolete immunodeficiency 128
MONDO:0976228	label	immunodeficiency 132b	obsolete immunodeficiency 132b
MONDO:0018542	definition		A congenital disorder characterized by chronic neutropenia with absolute neutrophil count less than 500/uL and arrest of neutrophil maturation at the promyelocyte/myelocyte level. It is inherited in autosomal recessive or autosomal dominant patterns. Sporadic cases have also been reported. It is usually diagnosed in the first year of life. Patients present with frequent and life-threatening infections.
MONDO:0007105	definition	Any frontotemporal dementia with motor neuron disease in which the cause of the disease is a mutation in the C9orf72 gene.	Any frontotemporal dementia with motor neuron disease in which the cause of the disease is a variation in the C9orf72 gene.
MONDO:0007259	definition	Craniofaciofrontodigital is a rare multiple congenital anomalies syndrome characterized by mild intellectual disability, short stature, cardiac anomalies, mild dysmorphic features (macrocephaly, prominent forehead, hypertelorism, exophthalmos), cutis laxa, joint hyperlaxity, wrinkled palms and soles and skeletal anomalies (sella turcica, wide ribs and small vertebral bodies).	A rare multiple congenital anomalies syndrome characterized by mild intellectual disability, short stature, cardiac anomalies, mild dysmorphic features (macrocephaly, prominent forehead, hypertelorism, exophthalmos), cutis laxa, joint hyperlaxity, wrinkled palms and soles and skeletal anomalies (sella turcica, wide ribs and small vertebral bodies).
MONDO:0014720	definition	Autosomal dominant optic atrophy plus syndrome (ADOA plus) is a variant of autosomal dominant optic atrophy (ADOA) associating the typical optic atrophy with other extra-ocular manifestations such as sensorineural deafness, myopathy, chronic progressive external ophthalmoplegia, ataxia and peripheral neuropathy. More rarely, other manifestations have been associated with this condition, such as spastic paraplegia, multiple-sclerosis like illness.	A hereditary optic atrophy associating the typical optic atrophy with other extra-ocular manifestations such as sensorineural deafness, myopathy, chronic progressive external ophthalmoplegia, ataxia and peripheral neuropathy. More rarely, other manifestations have been associated with this condition, such as spastic paraplegia, multiple-sclerosis like illness.
MONDO:0007443	definition	Congenital unilateral hypoplasia of depressor anguli oris is a congenital anomaly, characterized by the unilateral hypoplasia/agenesis of the depressor anguli oris muscle, resulting in an asymmetric crying facies in neonatal period/ infancy (drooping of one corner of the mouth during crying) while eye closure, nasolabial fold and forehead wrinkling are symmetric. While it can be isolated, this anomaly is also seen in 22q11.2 deletion syndrome and can be accompanied by other major congenital anomalies of the cardiovascular system, as well as less frequently the musculoskeletal, cervicofacial, respiratory, genitourinary, and, rarely, endocrine systems. When isolated, the condition is cosmetically insignificant as the infant gets older (as the muscle does not contribute significantly to facial expression in childhood/ adulthood).	A congenital anomaly, characterized by the unilateral hypoplasia/agenesis of the depressor anguli oris muscle, resulting in an asymmetric crying facies in neonatal period/ infancy (drooping of one corner of the mouth during crying) while eye closure, nasolabial fold and forehead wrinkling are symmetric. While it can be isolated, this anomaly is also seen in 22q11.2 deletion syndrome and can be accompanied by other major congenital anomalies of the cardiovascular system, as well as less frequently the musculoskeletal, cervicofacial, respiratory, genitourinary, and, rarely, endocrine systems. When isolated, the condition is cosmetically insignificant as the infant gets older (as the muscle does not contribute significantly to facial expression in childhood/adulthood).
MONDO:0007526	definition	A form of Ehlers-Danlos syndrome characterized by a premature aging with sparse hair, macrocephaly, loose elastic skin, failure to thrive, joint laxity, psychomotor retardation, hypotonia, and defective wound healing with atrophic scars.	A rare connective tissue disorder for which three subtypes exist, either related to the gene B4GALT7, B3GALT6 or SLC39A13, and for which the clinically overlapping characteristics include short stature (progressive in childhood), small joint hypermobility, skin hyperextensibility with soft, doughy skin especially on the hands and feet muscular hypotonia (ranging from congenitally severe to mild with later-onset), skeletal anomalies and, more variably, osteopenia, delayed motor development and bowing of the limbs. Gene-specific features, with variable presentation, are additionally observed in each subtype.
MONDO:0008002	definition	Any familial congenital mirror movements in which the cause of the disease is a mutation in the DCC gene.	
MONDO:0100515	definition	A familial congenital mirror movement disorder where individuals with heterozygous variants in DCC have congenital mirror movements and/or agenesis of the corpus callosum (not with or without- some individuals do not demonstrate mirror movements and only have corpus callosum defects, even within the same family).	A nervous system disorder in which individuals with heterozygous variants in DCC have congenital mirror movements and/or agenesis of the corpus callosum (some individuals do not demonstrate mirror movements and only have corpus callosum defects, even within the same family).
MONDO:0008090	definition	A hematologic disorder caused by a mutation in the ELANE (ELA2) gene; clinical manifestations include recurrent neutropenia with resultant susceptibility to infection leading to fever.	A hematologic disorder caused by a mutation in the ELANE (ELA2) gene, characterized by regular 21-day cyclic fluctuations in the number of blood neutrophils, monocytes, eosinophils, lymphocytes, platelets, and reticulocytes. The recurrent severe neutropenia causes patients to experience periodic symptoms of fever, malaise, mucosal ulcers, and, rarely, life-threatening infections.
MONDO:0008134	definition	One of the most common forms of hereditary optic neuropathy characterized by progressive bilateral visual loss during the first decade of life, associated with optic disk pallor, visual field and color vision defects.	A hereditary optic atrophy characterized by progressive bilateral visual loss during the first decade of life, associated with optic disk pallor, visual field and color vision defects.
MONDO:0018923	definition	22q11.2 deletion syndrome (DS) is a chromosomal anomaly which causes a congenital malformation disorder whose common features include cardiac defects, palatal anomalies, facial dysmorphism, developmental delay and immune deficiency.	A chromosomal anomaly arising from the deletion of 22q11.2 region on the long arm region of chromosome 22, which causes a congenital malformation disorder whose common features include cardiac defects, palatal anomalies, facial dysmorphism, developmental delay and immune deficiency.
MONDO:0008780	definition	Any amyotrophic lateral sclerosis in which the cause of the disease is a mutation in the ALS2 gene.	Any amyotrophic lateral sclerosis in which the cause of the disease is a variation in the ALS2 gene.
MONDO:0008963	definition	ChC)diak-Higashi syndrome (CHS) is a rare severe genetic disorder generally characterized by partial oculocutaneous albinism (OCA), severe immunodeficiency, mild bleeding, neurological dysfunction and lymphoproliferative disorder. A classic, early-onset form and an attenuated, later-onset form (Atypical CHS) have been described.	A rare severe genetic disorder generally characterized by partial oculocutaneous albinism (OCA), severe immunodeficiency, mild bleeding (caused by giant lysosome‑related organelles in multiple hematopoietic cells), neurological dysfunction and lymphoproliferative disorder. Affected individuals commonly develop progressive immune dysregulation, and many experience an accelerated phase resembling hemophagocytic lymphohistiocytosis, which can be life‑threatening. A classic, early-onset form and an attenuated, later-onset form (Atypical CHS) have been described.
MONDO:0018163	definition	An autosomal recessive cutis laxa type II classic type that has material basis in homozygous or compound heterozygous mutations in the ATP6V0A2 gene on chromosome 12q24.	Any congenital disorder of glycosylation caused by a variantion in the ATP6V0A2 gene. This condition is characterized by cutis laxa, dysmorphic facial features (prominent nasal root, down slanted palpebral fissures, enlarged fontanelles with delayed closure), developmental delay/intellectual disability, seizure disorder, and abnormal brain MRI. Additional features may include congenital hip dislocation, inguinal hernia, and eye findings such as high myopia.
MONDO:0009271	definition	Geroderma osteodysplastica (GO) is characterized by lax and wrinkled skin (especially on the dorsum of the hands and feet and abdomen), progeroid features, hip dislocation, joint laxity, severe short stature/dwarfism, severe osteoporosis, vertebral abnormalities and spontaneous fractures, and developmental delay and mild intellectual deficit.	Any developmental anomaly of metabolic origin caused by a variation in the GORAB gene. This condition is a segmental progeroid disorder characterized by lax, wrinkled skin; typical facial features including droopy cheeks, malar and mandibular hypoplasia, and a prematurely aged appearance; and severe osteoporosis leading to frequent fractures. Additional features may include joint hypermobility, short stature, and skeletal abnormalities and, rarely, developmental delay and intellectual disability.
MONDO:0009274	definition	Ghosal hematodiaphyseal dysplasia syndrome (GHDD) is a rare disorder characterized by increased bone density (predominantly diaphyseal) and aregenerative corticosteroid-sensitive anemia.	A skeletal dysplasia caused by a variant in the TBXAS1 gene, characterized by increased bone density with diaphyseal dysplasia, pancytopenia or single‑lineage cytopenias such as anemia and thrombocytopenia, and childhood‑onset growth abnormalities. Affected individuals may show reduced thromboxane A₂ synthesis, leading to impaired platelet aggregation responses to arachidonic acid, although clinical bleeding is typically absent. Biallelic loss‑of‑function variants in TBXAS1 impair thromboxane synthase activity, altering prostaglandin and thromboxane metabolism and contributing to the characteristic combination of bone sclerosis and marrow dysfunction.
MONDO:0009861	definition	Phenylketonuria (PKU) is the most common inborn error of amino acid metabolism and is characterized by mild to severe mental disability in untreated patients.	A rare inborn error of amino acid metabolism characterized by elevated blood phenylalanine and low levels or absence of phenylalanine hydroxylase enzyme. If not detected early or left untreated, the disorder manifests with mild to severe mental disability.
MONDO:0009885	definition	Scott syndrome is an extremely rare congenital hemorrhagic disorder characterized by hemorrhagic episodes due to impaired platelet coagulant activity.	A blood coagulation disorder caused by a variant in the ANO6 gene, characterized by impaired externalization of phosphatidylserine on activated platelets, resulting in a reduced procoagulant platelet surface, diminished thrombin generation, and mucocutaneous bleeding. Platelet counts and morphology are generally normal, but affected individuals show markedly reduced platelet procoagulant activity with defective membrane scrambling in response to calcium‑dependent stimuli.
MONDO:0009958	definition	A very rare, clinically variable, multisystemic metabolic disease, characterized by anosmia, early-onset retinitis pigmentosa and possible neurological manifestations, including neuropathy, and cerebellar ataxia, deafness, ichthyosis, skeletal abnormalities, and cardiac arrhythmia. It is characterized biochemically by accumulation of phytanic acid in plasma and tissues.	A peroxisomal disease associated with accumulation of phytanic acid in plasma and tissues, characterized by early-onset retinitis pigmentosa and variable combinations of anosmia, polyneuropathy, deafness, ataxia, ichthyosis, skeletal abnormalities, and cardiac arrhythmia.
MONDO:0031332	definition	A plalelet type bleeding disorder characterized by lifelong mucocutaneous bleeding, markedly impaired platelet aggregation, and absent or severely reduced clot retraction due to failure of the αIIbβ3 integrin complex to bind fibrinogen. Platelets appear normal in number and morphology, but aggregation responses to physiologic agonists (including ADP, collagen, epinephrine, and thrombin) are severely decreased or absent, while ristocetin‑induced agglutination remains normal. Biallelic loss‑of‑function ITGA2B variants reduce or abolish surface expression of the αIIbβ3 receptor, preventing fibrinogen‑mediated platelet bridging and producing the classic Glanzmann thrombasthenia phenotype.	A platelet type bleeding disorder characterized by lifelong mucocutaneous bleeding, markedly impaired platelet aggregation, and absent or severely reduced clot retraction due to failure of the αIIbβ3 integrin complex to bind fibrinogen. Platelets appear normal in number and morphology, but aggregation responses to physiologic agonists (including ADP, collagen, epinephrine, and thrombin) are severely decreased or absent, while ristocetin‑induced agglutination remains normal. Biallelic loss‑of‑function ITGA2B variants reduce or abolish surface expression of the αIIbβ3 receptor, preventing fibrinogen‑mediated platelet bridging and producing the classic Glanzmann thrombasthenia phenotype.
MONDO:0100089	definition	X-Linked cytopenia characterized by anemia and/or thrombocytopenia. Additional features including platelet dysfunction, dyserythropoesis, mild beta-thalassemia, neutropenia, or congenital erythropoetic porphyria may be present. These GATA1 variants are germline as opposed to GATA1 variants seen in leukemia.	A heterogeneous inherited disorder marked by varying combinations of thrombocytopenia, dyserythropoietic anemia, macrothrombocytopenia, β‑thalassemia‑like red‑cell abnormalities, and/or neutropenia, reflecting impaired transcriptional regulation of erythroid and megakaryocytic development. Affected individuals may present with mucocutaneous bleeding, anemia, abnormal platelet morphology, or multilineage cytopenias, with severity ranging from isolated thrombocytopenia to syndromic tri‑lineage involvement.
MONDO:0010459	definition	Any amyotrophic lateral sclerosis in which the cause of the disease is a mutation in the UBQLN2 gene.	Any amyotrophic lateral sclerosis in which the cause of the disease is a variation in the UBQLN2 gene.
MONDO:0010504	definition	Any primary immunodeficiency disease in which the cause of the disease is a mutation in the ATP6AP1 gene.	Any primary immunodeficiency disease in which the cause of the disease is a mutation in the ATP6AP1 gene. The condition is characterized by hepatopathy, splenomegaly, and recurrent infections in most, but not all, cases. Additional symptoms may include cutis laxa, fetal cystic hygroma, cardiac abnormalities, bilateral inguinal hernia, umbilical hernia, diaphragmatic hernia, pectus carinatum, micropenis/hypospadias, and neurological symptoms.
MONDO:0010515	definition		A syndromic disease caused by a variation in the BGN gene, characterized by early-onset aortic aneurysm (involving the aortic root/ more distal ascending aorta) and dissection. Mild mitral or aortic insufficiency may also be present. Majority of the patients present with variable facial dysmorphism including frontal bossing, hypertelorism, downslanting palpebral fissures, proptosis and malar hypoplasia. Additional clinical features may include joint hypermobility, contractures, and mild skeletal dysplasia.
MONDO:0010936	definition	Any amyotrophic lateral sclerosis in which the cause of the disease is a mutation in the CHMP2B gene.	Any amyotrophic lateral sclerosis in which the cause of the disease is a variation in the CHMP2B gene.
MONDO:0011099	definition	Human HOXA1 syndromes is characterized by deafness, central hypoventilation, congenital ocular paralysis and developmental retardation. Cardiac anomalies and paralysis of the vocal chords may also be present. Six cases have been reported so far. Transmission is thought to be autosomal recessive.	Any syndromic disease in which the cause of the disease is a variation in the HOXA1 gene. HOXA1-related disorders are characterized by ocular motility disorder (horizontal gaze palsy with or without Duane syndrome), bilateral sensorineural deafness, cerebrovascular malformations (predominantly involving the carotid arteries), motor delay, central hypoventilation, and intellectual disability. Additional common features include congenital heart disease, facial paresis, vocal cord paresis, and swallowing dysfunction. Transmission is autosomal recessive.
MONDO:0011196	definition	Any amyotrophic lateral sclerosis in which the cause of the disease is a mutation in the SPG11 gene.	Any amyotrophic lateral sclerosis in which the cause of the disease is a variation in the SPG11 gene.
MONDO:0011223	definition	Any amyotrophic lateral sclerosis in which the cause of the disease is a mutation in the SETX gene.	Any amyotrophic lateral sclerosis in which the cause of the disease is a variation in the SETX gene.
MONDO:0011632	definition	Any amyotrophic lateral sclerosis in which the cause of the disease is a mutation in the MATR3 gene.	Any amyotrophic lateral sclerosis in which the cause of the disease is a variation in the MATR3 gene.
MONDO:0011951	definition	Any amyotrophic lateral sclerosis in which the cause of the disease is a mutation in the FUS gene.	Any amyotrophic lateral sclerosis in which the cause of the disease is a variation in the FUS gene.
MONDO:0012077	definition	Any amyotrophic lateral sclerosis in which the cause of the disease is a mutation in the VAPB gene.	Any amyotrophic lateral sclerosis in which the cause of the disease is a variation in the VAPB gene.
MONDO:0012144	definition	Any Waardenburg syndrome type 2 in which the cause of the disease is a mutation in the SNAI2 gene.	OBSOLETE. Any Waardenburg syndrome type 2 in which the cause of the disease is a mutation in the SNAI2 gene.
MONDO:0012239	definition	Any congenital myopathy in which the cause of the disease is a mutation in the TPM3 gene.	Any congenital myopathy in which the cause of the disease is a mutation in the TPM3 gene, and has autosomal recessive inheritance.
MONDO:0012740	definition	Distal 22q11.2 microdeletion syndrome is a rare chromosomal anomaly syndrome resulting from the partial deletion of the long arm of chromosome 22 with a highly variable phenotype characterized by prematurity, pre- and post-natal growth retardation, developmental delay (particularly speech), mild intellectual disability, variable cardiac defects, and minor skeletal anomalies (such as clinodactyly). Dysmorphic features include prominent forehead, arched eyebrows, deep set eyes, narrow upslanting palpebral fissures, ear abnormalities, hypoplastic alae nasi, smooth philtrum, down-turned mouth, thin upper lip, retro/micrognatia and pointed chin. For certain very distal deletions, there is a risk of developing malignant rhabdoid tumors.	A rare chromosomal anomaly syndrome resulting from the partial deletion of the long arm of chromosome 22 with a highly variable phenotype characterized by prematurity, pre- and post-natal growth retardation, developmental delay (particularly speech), mild intellectual disability, variable cardiac defects, and minor skeletal anomalies (such as clinodactyly). Dysmorphic features include prominent forehead, arched eyebrows, deep set eyes, narrow upslanting palpebral fissures, ear abnormalities, hypoplastic alae nasi, smooth philtrum, down-turned mouth, thin upper lip, retro/micrognatia and pointed chin. For certain very distal deletions, there is a risk of developing malignant rhabdoid tumors.
MONDO:0012753	definition	Any amyotrophic lateral sclerosis in which the cause of the disease is a mutation in the ANG gene.	Any amyotrophic lateral sclerosis in which the cause of the disease is a variation in the ANG gene.
MONDO:0012790	definition	Any amyotrophic lateral sclerosis in which the cause of the disease is a mutation in the TARDBP gene.	Any amyotrophic lateral sclerosis in which the cause of the disease is a variation in the TARDBP gene.
MONDO:0012873	definition	Ehlers-Danlos syndrome, spondylocheirodysplastic type is a subtype of Ehlers-Danlos syndrome characterized by skeletal dysplasia comprising platyspondyly with moderate short stature, osteopenia and widened metaphyses, in addition to hyperextensible, thin, easily bruised skin, hypermobility of small joints with tendency to contractures, prominent eyes with bluish sclerae, wrinkled palms, atrophy of the thenar muscle and tapering fingers.	A form of spondylodysplastic Ehlers-Danlos syndrome (EDS) due to variants in the SLC39A13 gene and characterized by the presence of thin and finely wrinkled skin of the hands and feet, hypermobile distal joints, characteristic facial features (downslanting palpebral fissures, mild hypertelorism, prominent eyes with a paucity of periorbital fat, blueish sclerae, microdontia or oligodontia), muscular hypotonia, associated with significant short stature of childhood-onset, ocular findings (myopia and keratoconus) and, more rarely, vascular complications. Mild radiographic changes were observed, among which platyspondyly is a useful diagnostic feature.
MONDO:0012945	definition	Any amyotrophic lateral sclerosis in which the cause of the disease is a mutation in the FIG4 gene.	Any amyotrophic lateral sclerosis in which the cause of the disease is a variation in the FIG4 gene.
MONDO:0012953	definition	Any colorectal cancer in which the cause of the disease is a mutation in the POLD1 gene.	An autosomal dominant hereditary neoplastic syndrome caused by germline pathogenic POLD1 variants, characterized by the presence of colorectal polyps and colorectal cancer.
MONDO:0013264	definition	Any amyotrophic lateral sclerosis in which the cause of the disease is a mutation in the OPTN gene.	Any amyotrophic lateral sclerosis in which the cause of the disease is a variation in the OPTN gene.
MONDO:0013483	definition		A syndromic disease caused by a variation in the NTRK2 gene, characterized by early-onset severe obesity, hyperphagia, and global developmental delay with specific impairment of short-term memory and language delay. Additional features may include moderate intellectual disability, stereotyped behaviors, autistic features, impaired nociception, hypotonia, and seizures.
MONDO:0013501	definition	Any amyotrophic lateral sclerosis in which the cause of the disease is a mutation in the VCP gene.	Any amyotrophic lateral sclerosis in which the cause of the disease is a variation in the VCP gene.
MONDO:0800446	definition	A rare, genetic, isolated constitutional thrombocytopenia disease characterized by impaired platelet aggregation resulting from a defect in thromboxane synthesis or signaling, manifesting with mild to moderate mucocutaneous, gastrointestinal or surgical bleeding (e.g. easy bruising, prolonged epistaxis, excessive bleeding after a tooth extraction).	A bleeding platelet disorder caused by a variation in the TBXA2R gene, which impairs thromboxane A2 receptor signaling and leads to impaired platelet aggregation. Clinical features such as mild mucocutaneous bleeding including epistaxis, easy bruising, and ecchymoses tend to appear only when a second hit further disrupts platelet activation, and this additional impairment may arise from another variant within TBXA2R or from defects in other genes that participate in platelet signaling or the coagulation pathway.
MONDO:0013558	definition	Any Hermansky-Pudlak syndrome in which the cause of the disease is a mutation in the HPS6 gene.	Any Hermansky-Pudlak syndrome in which the cause of the disease is a mutation in the HPS6 gene that affects lysosome‑related organelle formation, including melanosomes and platelet dense granules. The presentation includes oculocutaneous albinism with nystagmus and reduced visual acuity and a platelet‑type bleeding diathesis, typically mild. Systemic complications reported in other HPS types are generally absent in HPS6.
MONDO:0013559	definition	Any Hermansky-Pudlak syndrome in which the cause of the disease is a mutation in the DTNBP1 gene.	Any Hermansky-Pudlak syndrome in which the cause of the disease is a mutation in the DTNBP1 gene, leading to defective melanosomes and lack of platelet dense granules. Core features comprise oculocutaneous/ocular albinism with visual impairment and a platelet‑type bleeding diathesis. Granulomatous colitis has been reported in some patients.
MONDO:0013715	definition	Any amyotrophic lateral sclerosis in which the cause of the disease is a mutation in the SIGMAR1 gene.	Any amyotrophic lateral sclerosis in which the cause of the disease is a variation in the SIGMAR1 gene.
MONDO:0013891	definition	Any amyotrophic lateral sclerosis in which the cause of the disease is a mutation in the PFN1 gene.	Any amyotrophic lateral sclerosis in which the cause of the disease is a variation in the PFN1 gene.
MONDO:0014059	definition	Any microphthalmia, isolated, with coloboma in which the cause of the disease is a mutation in the TENM3 gene.	Any microphthalmia in which the cause of the disease is a mutation in the TENM3 gene.
MONDO:0014139	definition	Any Ehlers-Danlos syndrome, spondylodysplastic type in which the cause of the disease is a mutation in the B3GALT6 gene.	A form of spondylodysplastic Ehlers-Danlos syndrome due to variants in B3GALT6 and characterized by short stature, variable degrees of muscle hypotonia, joint hypermobility, especially of the hands, bowing of limbs and congenital or early onset, progressive kyphoscoliosis. Additional features include the typical craniofacial gestalt (prominent forehead, sparse hair, mid-face hypoplasia, blue sclerae, proptosis and abnormal dentition), hyperextensible, soft, thin, translucent and doughy skin, delayed motor and/or cognitive development, characteristic radiographic findings (spondyloepimetaphyseal dysplasia, platyspondyly, anterior beak of vertebral body, short ilia, elbow malalignment and generalized osteoporosis), joint contractures and ascending aortic aneurysm.
MONDO:0014181	definition	Any amyotrophic lateral sclerosis in which the cause of the disease is a mutation in the HNRNPA1 gene.	Any amyotrophic lateral sclerosis in which the cause of the disease is a variation in the HNRNPA1 gene.
MONDO:0014223	definition	Any amyotrophic lateral sclerosis in which the cause of the disease is a mutation in the ERBB4 gene.	Any amyotrophic lateral sclerosis in which the cause of the disease is a variation in the ERBB4 gene.
MONDO:0014486	definition	Any intellectual disability-expressive aphasia-facial dysmorphism syndrome in which the cause of the disease is a mutation in the ZMYND11 gene.	A syndromic autosomal dominant neurodevelopmental disorder caused by a variation in the ZMYND11 gene. It is characterized by developmental delay particularly affecting speech, mild to moderate intellectual disability, behavioral abnormalities, seizures and hypotonia.
MONDO:0014531	definition	Any amyotrophic lateral sclerosis in which the cause of the disease is a mutation in the TUBA4A gene.	Any amyotrophic lateral sclerosis in which the cause of the disease is a variation in the TUBA4A gene.
MONDO:0014757	definition		An autosomal dominant multisystem developmental disorder caused by heterozygous variants in the CDC42 gene, characterized by global developmental delay or intellectual disability, craniofacial dysmorphism, macrothrombocytopenia and congenital lymphedema. Additional manifestations include cardiac defects, hearing or vision abnormalities, immune dysregulation, lymphatic anomalies and structural brain malformations.
MONDO:0014996	definition	Any autosomal recessive non-syndromic intellectual disability in which the cause of the disease is a mutation in the ELP2 gene.	An autosomal recessive intellectual disability caused by a variation in the ELP2 gene, reported with both non-syndromic and syndromic presentations. The syndromic presentation includes spastic diplegia, choreoathetosis and self-injurious behavior, with epilepsy, truncal hypotonia, brain atrophy, nodular heterotopia, cardiac abnormalities, coloboma and cortical visual impairment reported in some individuals.
MONDO:0016366	definition	Maternal phenylketonuria (PKU) is a rare disorder of phenylalanine metabolism, an inborn error of amino acid metabolism, characterized by the development of microcephaly, growth retardation, congenital heart disease, facial dysmorphism and intellectual disability in nonphenylketonuric offspring of mothers with excess phenylalanine (Phe) concentrations.	A disorder of development or morphogenesis characterized by the development of microcephaly, growth retardation, congenital heart disease, facial dysmorphism and intellectual disability in nonphenylketonuric offspring of mothers with excess phenylalanine (Phe) concentrations.
MONDO:0016646	definition	Autosomal dominant optic atrophy and peripheral neuropathy (ADOAPN) is a form of autosomal dominant optic atrophy (ADOA), characterized by progressive and isolated visual loss in the first decade of life, decreased reflexes in the lower limbs and a mild cerebellar stance.	A hereditary optic atrophy characterized by progressive and isolated visual loss in the first decade of life, decreased reflexes in the lower limbs and a mild cerebellar stance.
MONDO:0017389	definition	Tetrahydrobiopterin-responsive hyperphenylalaninemia/ phenylketonuria (BH4-responsive hyperphenylalaninemia/ phenylketonuria) is a form of phenylketonuria (PKU), an inborn error of amino acid metabolism, characterized by mild to moderate symptoms of PKU including impaired cognitive function, seizures, and behavioral and developmental disorders, and a marked reduction and normalization of elevated phenylalanine concentrations after oral loading with tetrahydrobiopterin (BH4; sapropterin dihydrochloride), an essential cofactor of phenylalanine hydroxylase.	A form of phenylketonuria characterized by mild to moderate symptoms of phenylketonuria including impaired cognitive function, seizures, and behavioral and developmental disorders, and a marked reduction and normalization of elevated phenylalanine concentrations after oral loading with tetrahydrobiopterin (BH4; sapropterin dihydrochloride), an essential cofactor of phenylalanine hydroxylase.
MONDO:0018919	definition	McCune-Albright syndrome (MAS) is classically defined by the clinical triad of fibrous dysplasia of bone (FD), cafe-au-lait skin spots, and precocious puberty (PP).	A rare mosaic syndrome characterized by the combination of two or more of the following: fibrous dysplasia of bone (FD), hyperpigmented macules, and hyperfunctioning endocrinopathies (precocious puberty, hyperthyroidism, growth hormone excess, endogenous Cushing syndrome).
MONDO:0019075	definition	Bosley-Salih-Alorainy syndrome (BSAS) is characterized by variable horizontal gaze dysfunction, profound and bilateral sensorineural deafness associated commonly with severe inner ear maldevelopment, cerebrovascular anomalies (ranging from unilateral internal carotid artery hypoplasia to bilateral agenesis), cardiac malformation, developmental delay and occasionally autism. The syndrome is caused by homozygous mutations in the HOXA1 gene (7p15.2) and is transmitted in an autosomal recessive manner. The syndrome overlaps clinically and genetically with Athabaskan brain dysfunction syndrome (ABDS,). However unlike ABDS, BSAS does not manifest central hypoventilation.	A HOXA1-related syndrome that is characterized by variable horizontal gaze dysfunction, profound and bilateral sensorineural deafness associated commonly with severe inner ear maldevelopment, cerebrovascular anomalies (ranging from unilateral internal carotid artery hypoplasia to bilateral agenesis), cardiac malformation, developmental delay and occasionally autism. The syndrome is caused by homozygous mutations in the HOXA1 gene (7p15.2) and is transmitted in an autosomal recessive manner. The syndrome overlaps clinically and genetically with Athabaskan brainstem dysgenesis syndrome (ABDS). However, unlike ABDS, BSAS does not manifest central hypoventilation.
MONDO:0019258	definition	Mild phenylketonuria is a rare form of phenylketouria (PKU), an inborn error of amino acid metabolism, characterized by symptoms of PKU of mild to moderate severity.	A phenylketonuria characterized by untreated blood phenylalanine concentrations of approximately 600-1200 umol/L, intermediate between classic phenylketonuria and mild hyperphenylalaninemia, reflecting greater residual phenylalanine hydroxylase activity.
MONDO:0019259	definition	Classical phenylketonuria is a severe form of phenylketonuria (PKU) an inborn error of amino acid metabolism characterized in untreated patients by severe intellectual deficit and neuropsychiatric complications.	A phenylketonuria characterized by untreated blood phenylalanine concentrations above approximately 1200 umol/L, the most severe end of the phenylalanine hydroxylase deficiency spectrum, reflecting little or no residual phenylalanine hydroxylase activity; untreated patients develop severe intellectual disability and neuropsychiatric complications.
MONDO:0019335	definition	Mild hyperphenylalaninemia (HPA) is a rare form of phenylketonuria, an inborn error of amino acid metabolism, characterized by mild symptoms of HPA.	A phenylalanine hydroxylase deficiency characterized by mildly elevated untreated blood phenylalanine concentrations below the threshold at which phenylalanine-restricted dietary treatment is indicated; there is consensus that individuals with untreated blood phenylalanine below 360 umol/L should remain untreated.
MONDO:0020250	definition	An autosomal dominant hereditary condition characterized by optic atrophy and progressive visual loss.	OBSOLETE. An autosomal dominant hereditary condition characterized by optic atrophy and progressive visual loss.
MONDO:0020682	definition		A form of spondylodysplastic Ehlers-Danlos syndrome due to variants in B4GALT7 and characterized by short stature, variable degrees of muscle hypotonia, joint hypermobility, especially of the hands, and bowing of limbs. Additional features include the typical craniofacial gestalt (mid-face hypoplasia, round, flat face, proptosis and narrow mouth), hyperextensible skin that is soft, thin, translucent and doughy, delayed motor and/or cognitive development, characteristic radiographic findings (such as radio-ulnar synostosis, radial head subluxation or dislocation, metaphyseal flaring and osteopenia) and ocular abnormalities.
MONDO:0020738	definition		Any multiple benign circumferential skin creases on limbs in which the cause of the disease is a variation in the TUBB gene. The phenotype comprises characteristic congenital circumferential skin creases accompanied by intellectual disability, cleft palate, short stature and dysmorphic features.
MONDO:0022070	definition	Mild mental deficiency, short stature, macrocranium, cardiac anomalies, cutis laxa, peculiar facies, wrinkled palms and soles, small vertebral bodies	
MONDO:0024517	definition		A susceptibility to the development of schwannomatosis conferred by germline mutation in the SMARCB1 gene, characterized by the onset of multiple intracranial, spinal, or peripheral schwannomas, without involvement of the vestibular nerve. Affected individuals may also have multiple meningiomas.
MONDO:0030528	definition	An autosomal recessive disorder characterized by onset of recurrent viral and bacterial infections, particularly with encapsulated bacteria, and hypertrophic cardiomyopathy in the first months or years of life. Immunologic workup typically shows decreased circulating B cells and hypo- or agammaglobulinemia, sometimes with neutropenia or T-cell lymphocytosis, although laboratory findings may be variable among patients. Ig replacement therapy is beneficial. Cardiac involvement can also include atrial septal defect, valvular insufficiency, and pre-excitation syndrome. Rare myopathic or neurologic involvement has been reported, but these features are not consistently part of the disorder and may be related to other genetic defects.	
MONDO:0100432	definition	Any immunodeficiency in which the cause of the disease is a mutation in the FNIP1 gene. Disruption of Folliculin Interacting Protein 1 alters the essential metabolic regulators AMPK and mTOR, resulting in profound B-cell deficiency, hypertrophic cardiomyopathy, and pre-excitation syndrome.	Any immunodeficiency in which the cause of the disease is a mutation in the FNIP1 gene, characterized by onset of recurrent viral and bacterial infections, particularly with encapsulated bacteria, and hypertrophic cardiomyopathy in the first months or years of life. Immunologic workup typically shows decreased circulating B cells and hypo- or agammaglobulinemia, sometimes with neutropenia or T-cell lymphocytosis, although laboratory findings may be variable among patients. Ig replacement therapy is beneficial. Cardiac involvement can also include atrial septal defect, valvular insufficiency, and pre-excitation syndrome. Rare myopathic or neurologic involvement has been reported, but these features are not consistently part of the disorder and may be related to other genetic defects. Disruption of Folliculin Interacting Protein 1 alters the essential metabolic regulators AMPK and mTOR, resulting in profound B-cell deficiency, hypertrophic cardiomyopathy, and pre-excitation syndrome.
MONDO:0030910	definition		Any neurodevelopmental disorder in which the cause of the disease is a variation in the CIC gene. It is characterized by intellectual disability, global developmental delay, seizures, autism spectrum disorder and attention deficit/hyperactivity disorder, with a spectrum that extends to isolated epilepsy.
MONDO:0030947	definition		Any neuronal ceroid lipofuscinosis in which the cause of the disease is a variation in the CLCN6 gene. It is characterized by severe global developmental delay apparent in infancy or early childhood. Affected individuals have hypotonia with impaired motor development, respiratory insufficiency, and feeding difficulties requiring intervention. Intellectual and speech development is also delayed, and most have visual defects, including cortical visual blindness, nystagmus, and esotropia. The disorder is progressive, as manifest by developmental regression consistent with neurodegeneration.
MONDO:0030996	definition		An inherited platelet-type bleeding disorder caused by heterozygous variants in the ITGB3 gene that alter integrin alpha-IIb/beta-3 inside-out and outside-in signaling, resulting in defective platelet production and function. Affected individuals present with congenital macrothrombocytopenia, comprising mild to moderate thrombocytopenia, giant platelets and platelet anisocytosis, together with variable mucocutaneous bleeding. Functional studies show reduced integrin alpha-IIb/beta-3 expression or impaired activation, decreased platelet aggregation in response to physiologic agonists, and impaired platelet spreading on fibrinogen.
MONDO:0031002	definition		A syndromic disease caused by a variation in the COPB1 gene, characterized by severe intellectual disability, global developmental delay with absent or limited speech, inability or difficulty to walk, early-onset cataract, and variable microcephaly. Additional features may include dysmorphic facial features, hypotonia, spasticity, metabolic abnormalities, and immunodeficiency with lymphopenia.
MONDO:0032659	definition		An inborn error of immunity caused by variants in the RELA gene that cause decreased RELA (NF-kB p65) protein function. The disease is characterized by chronic mucocutaneous ulcerations, variable immune deficiency, lymphoproliferation with autoimmune cytopenias, inflammatory bowel disease, and autoinflammatory manifestations such as recurrent fever and arthralgia. Affected Individuals express various combinations of clinical features.
MONDO:0032887	definition		A severe autosomal recessive neurodevelopmental disorder with progressive microcephaly, and high prevalence of cortical malformations, specifically polymicrogyria, and high prevalence of epilepsy and spasticity.
MONDO:0033014	definition		An erythrokeratodermia variabilis caused by a variation in the KDSR gene, which impairs the sphingolipid pathway enzyme 3-ketodihydrosphingosine reductase. Affected individuals develop severe localized and acral hyperkeratotic, erythematous and scaly plaques, particularly on the face, genitals, hands and feet. Some individuals also exhibit thrombocytopenia or abnormal platelet production, reflecting the role of sphingolipid metabolism in megakaryocyte maturation.
MONDO:0034024	definition	OBSOLETE. A rare systemic disease for which two subtypes exist, either related to the gene PLOD1 or FKBP14 (formerly FKBP22), and for which the clinically overlapping characteristics include congenital muscle hypotonia, congenital or early-onset kyphoscoliosis (progressive or non-progressive), and generalized joint hypermobility with dislocations/subluxations (in particular of the shoulders, hips, and knees). Additional features which may occur in both subtypes are skin hyperextensibility, easy bruising of the skin, rupture/aneurysm of a medium-sized artery, osteopenia/osteoporosis, blue sclerae, umbilical or inguinal hernia, chest deformity, marfanoid habitus, talipes equinovarus, and refractive errors. Gene-specific features, with variable presentation, are additionally observed in each subtype.	
MONDO:0035551	definition	A rare genetic cerebral small vessel disease characterized by an adult-onset primary microangiopathy with severe atherosclerosis of arterioles and secondary leukoencephalopathy. Patients may present with migraine, transient ischemic attacks, stroke with central facial palsy, cognitive dysfunction with impaired concentration, dementia, depression, movement disorder, vertigo, dysphagia, dysarthria, sicca syndrome, impaired REM sleep, and therapy-resistant hypertension, among others. Brain MRI typically shows a leukoencephalopathy that is disproportionately severe and extensive compared to the clinical disease.	
MONDO:0980711	definition		A rare genetic cerebral small vessel disease characterized by an adult-onset primary microangiopathy with severe atherosclerosis of arterioles and secondary leukoencephalopathy. Patients may present with migraine, transient ischemic attacks, stroke with central facial palsy, cognitive dysfunction with impaired concentration, dementia, depression, movement disorder, vertigo, dysphagia, dysarthria, sicca syndrome, impaired REM sleep, and therapy-resistant hypertension, among others. Brain MRI typically shows a leukoencephalopathy that is disproportionately severe and extensive compared to the clinical disease.
MONDO:0060532	definition		A multiple congenital anomalies/dysmorphic syndrome caused by heterozygous germline gain-of-function variants in the ABL1 gene that increase ABL1 kinase activity. It is characterized by congenital heart disease, skeletal and joint abnormalities (including pectus excavatum, scoliosis, and hyperextensibility or contractures of the finger joints), variable dysmorphic facial features, and failure to thrive. It is allelic to, but distinct from, human ABL1 deficiency syndrome, which is caused by homozygous loss-of-function variants in ABL1.
MONDO:0100351	definition	An autosomal dominant hereditary syndrome caused by germline pathogenic POLD1 variants. It is characterized by the presence of colorectal polyps and colorectal cancer.	
MONDO:0100487	definition	A platelet disorder in which the cause of the disease is a variant in the TPM4 gene.	A platelet disorder in which the cause of the disease is a variant in the TPM4 gene which encodes tropomyosin‑4, a key actin‑binding protein required for cytoskeletal stability during megakaryocyte maturation and platelet formation. Affected individuals show macrothrombocytopenia or normal platelet counts with enlarged platelets, often accompanied by variable platelet functional defects including impaired spreading on fibrinogen, reduced formation of filopodia and lamellipodia, decreased granule content, and vacuolated platelets. Clinical manifestations include easy bruising, epistaxis, gum bleeding, menorrhagia, and bleeding after surgery or tooth extraction; however, some mutation carriers are minimally symptomatic or asymptomatic.
MONDO:0100513	definition	Any Mendelian disease in which the cause of the disease is a mutation in the TRAF3 gene. TRAF3 haploinsufficiency caused by heterozygous loss of function (null) variants presents as an immune dysregulation syndrome of recurrent bacterial infections, autoimmunity, systemic inflammation, B cell lymphoproliferation, and hypergammaglobulinemia.	An  immunodeficiency disease caused a variation in the TRAF3 gene. TRAF3 haploinsufficiency caused by heterozygous loss of function (null) variants presents as an immune dysregulation syndrome of recurrent bacterial infections, autoimmunity, systemic inflammation, B cell lymphoproliferation, and hypergammaglobulinemia.
MONDO:0100525	definition	A newly discovered disorder caused by a change (variant or mutation) in the TCF7L2 gene. This mutation may be responsible for developmental delays in childhood, intellectual disability, autism, myopia, ADHD, abnormal physical features and other problems. There is a wide spectrum of severity for individuals affected with TRND. Many of the symptoms of TRND overlap with other neurodevelopmental disorders. TRND must be diagnosed with a genetic test and cannot be diagnosed by symptoms alone.	A neurodevelopmental disorder caused by a variation in the TCF7L2 gene. This disorder is characterised by speech delay, craniofacial dysmorphism, ophthalmologic conditions including myopia, autism, intellectual disability, attention deficit hyperactivity disorder, and orthopaedic abnormalities. Phenotypic severity is variable and does not cluster by variant type or genomic locus.
MONDO:0800341	definition		Any congenital myopathy in which the cause of the disease is a mutation in the TPM3 gene, and has autosomal dominant inheritance.
MONDO:0859529	definition		Any amyotrophic lateral sclerosis in which the cause of the disease is a variation in the SPTLC1 gene.
MONDO:0004964	obsoletion_candidate	True	
MONDO:0008002	obsoletion_candidate	True	
MONDO:0012144	obsoletion_candidate	True	
MONDO:0018804	obsoletion_candidate		True
MONDO:0020250	obsoletion_candidate	True	
MONDO:0022070	obsoletion_candidate	True	
MONDO:0030528	obsoletion_candidate	True	
MONDO:0034021	obsoletion_candidate	True	
MONDO:0035551	obsoletion_candidate	True	
MONDO:0035694	obsoletion_candidate	True	
MONDO:0100132	obsoletion_candidate		True
MONDO:0100351	obsoletion_candidate	True	
MONDO:0850059	obsoletion_candidate	True	
MONDO:0850095	obsoletion_candidate	True	
MONDO:0850115	obsoletion_candidate	True	
MONDO:0859002	obsoletion_candidate	True	
MONDO:0957580	obsoletion_candidate		True
MONDO:0970994	obsoletion_candidate	True	
MONDO:0971154	obsoletion_candidate		True
MONDO:0975834	obsoletion_candidate	True	
MONDO:0976228	obsoletion_candidate	True	
MONDO:0008002	obsolete		True
MONDO:0012144	obsolete		True
MONDO:0020250	obsolete		True
MONDO:0022070	obsolete		True
MONDO:0030528	obsolete		True
MONDO:0034021	obsolete		True
MONDO:0035551	obsolete		True
MONDO:0035694	obsolete		True
MONDO:0100351	obsolete		True
MONDO:0850059	obsolete		True
MONDO:0850095	obsolete		True
MONDO:0850115	obsolete		True
MONDO:0859002	obsolete		True
MONDO:0975834	obsolete		True
MONDO:0976228	obsolete		True
