icd	icd_label	bucket	hp_equivalent	currently_xreffed
ICD10CM:Q00-Q07	Congenital malformations of the nervous system (Q00-Q07)	BLOCK		YES
ICD10CM:Q00-Q99	Congenital malformations, deformations and chromosomal abnormalities (Q00-Q99)	BLOCK		YES
ICD10CM:Q10-Q18	Congenital malformations of eye, ear, face and neck (Q10-Q18)	BLOCK		YES
ICD10CM:Q20-Q28	Congenital malformations of the circulatory system (Q20-Q28)	BLOCK		YES
ICD10CM:Q30-Q34	Congenital malformations of the respiratory system (Q30-Q34)	BLOCK		YES
ICD10CM:Q35-Q37	Cleft lip and cleft palate (Q35-Q37)	BLOCK		YES
ICD10CM:Q38-Q45	Other congenital malformations of the digestive system (Q38-Q45)	BLOCK		YES
ICD10CM:Q50-Q56	Congenital malformations of genital organs (Q50-Q56)	BLOCK		YES
ICD10CM:Q60-Q64	Congenital malformations of the urinary system (Q60-Q64)	BLOCK		YES
ICD10CM:Q65-Q79	Congenital malformations and deformations of the musculoskeletal system (Q65-Q79)	BLOCK		YES
ICD10CM:Q80-Q89	Other congenital malformations (Q80-Q89)	BLOCK		YES
ICD10CM:Q90-Q99	Chromosomal abnormalities, not elsewhere classified (Q90-Q99)	BLOCK		YES
ICD10CM:Q00	Anencephaly and similar malformations	CONTAINER		
ICD10CM:Q04.0	Congenital malformations of corpus callosum	CONTAINER		YES
ICD10CM:Q10	Congenital malformations of eyelid, lacrimal apparatus and orbit	CONTAINER		
ICD10CM:Q10.7	Congenital malformation of orbit	CONTAINER		
ICD10CM:Q11	Anophthalmos, microphthalmos and macrophthalmos	CONTAINER		
ICD10CM:Q12	Congenital lens malformations	CONTAINER		
ICD10CM:Q13	Congenital malformations of anterior segment of eye	CONTAINER		
ICD10CM:Q14	Congenital malformations of posterior segment of eye	CONTAINER		
ICD10CM:Q14.0	Congenital malformation of vitreous humor	CONTAINER		YES
ICD10CM:Q14.1	Congenital malformation of retina	CONTAINER		YES
ICD10CM:Q14.2	Congenital malformation of optic disc	CONTAINER		YES
ICD10CM:Q14.3	Congenital malformation of choroid	CONTAINER		
ICD10CM:Q16	Congenital malformations of ear causing impairment of hearing	CONTAINER		
ICD10CM:Q16.1	Congenital absence, atresia and stricture of auditory canal (external)	CONTAINER		YES
ICD10CM:Q16.3	Congenital malformation of ear ossicles	CONTAINER		YES
ICD10CM:Q16.5	Congenital malformation of inner ear	CONTAINER		YES
ICD10CM:Q18.0	Sinus, fistula and cyst of branchial cleft	CONTAINER		YES
ICD10CM:Q20	Congenital malformations of cardiac chambers and connections	CONTAINER		
ICD10CM:Q21	Congenital malformations of cardiac septa	CONTAINER		YES
ICD10CM:Q22	Congenital malformations of pulmonary and tricuspid valves	CONTAINER		
ICD10CM:Q23	Congenital malformations of aortic and mitral valves	CONTAINER		YES
ICD10CM:Q25	Congenital malformations of great arteries	CONTAINER		
ICD10CM:Q26	Congenital malformations of great veins	CONTAINER		
ICD10CM:Q30	Congenital malformations of nose	CONTAINER		
ICD10CM:Q30.2	Fissured, notched and cleft nose	CONTAINER		YES
ICD10CM:Q31	Congenital malformations of larynx	CONTAINER		
ICD10CM:Q32	Congenital malformations of trachea and bronchus	CONTAINER		
ICD10CM:Q33	Congenital malformations of lung	CONTAINER		
ICD10CM:Q38.0	Congenital malformations of lips, not elsewhere classified	CONTAINER		YES
ICD10CM:Q38.4	Congenital malformations of salivary glands and ducts	CONTAINER		YES
ICD10CM:Q38.5	Congenital malformations of palate, not elsewhere classified	CONTAINER		
ICD10CM:Q39	Congenital malformations of esophagus	CONTAINER		
ICD10CM:Q41	Congenital absence, atresia and stenosis of small intestine	CONTAINER		
ICD10CM:Q41.0	Congenital absence, atresia and stenosis of duodenum	CONTAINER		YES
ICD10CM:Q41.1	Congenital absence, atresia and stenosis of jejunum	CONTAINER		YES
ICD10CM:Q41.2	Congenital absence, atresia and stenosis of ileum	CONTAINER		YES
ICD10CM:Q42	Congenital absence, atresia and stenosis of large intestine	CONTAINER		
ICD10CM:Q42.0	Congenital absence, atresia and stenosis of rectum with fistula	CONTAINER		YES
ICD10CM:Q42.1	Congenital absence, atresia and stenosis of rectum without fistula	CONTAINER		YES
ICD10CM:Q42.2	Congenital absence, atresia and stenosis of anus with fistula	CONTAINER		YES
ICD10CM:Q42.3	Congenital absence, atresia and stenosis of anus without fistula	CONTAINER		YES
ICD10CM:Q42.8	Congenital absence, atresia and stenosis of other parts of large intestine	CONTAINER		
ICD10CM:Q43.3	Congenital malformations of intestinal fixation	CONTAINER		YES
ICD10CM:Q44	Congenital malformations of gallbladder, bile ducts and liver	CONTAINER		
ICD10CM:Q44.0	Agenesis, aplasia and hypoplasia of gallbladder	CONTAINER		YES
ICD10CM:Q45.0	Agenesis, aplasia and hypoplasia of pancreas	CONTAINER		YES
ICD10CM:Q50	Congenital malformations of ovaries, fallopian tubes and broad ligaments	CONTAINER		
ICD10CM:Q51	Congenital malformations of uterus and cervix	CONTAINER		
ICD10CM:Q52.6	Congenital malformation of clitoris	CONTAINER		
ICD10CM:Q56.0	Hermaphroditism, not elsewhere classified	CONTAINER		YES
ICD10CM:Q56.1	Male pseudohermaphroditism, not elsewhere classified	CONTAINER	HP:0000037	YES
ICD10CM:Q56.2	Female pseudohermaphroditism, not elsewhere classified	CONTAINER	HP:0010458	YES
ICD10CM:Q63.1	Lobulated, fused and horseshoe kidney	CONTAINER		
ICD10CM:Q65	Congenital deformities of hip	CONTAINER		
ICD10CM:Q66	Congenital deformities of feet	CONTAINER		
ICD10CM:Q67	Congenital musculoskeletal deformities of head, face, spine and chest	CONTAINER		
ICD10CM:Q67.5	Congenital deformity of spine	CONTAINER		
ICD10CM:Q68.0	Congenital deformity of sternocleidomastoid muscle	CONTAINER		
ICD10CM:Q68.1	Congenital deformity of finger(s) and hand	CONTAINER		YES
ICD10CM:Q68.2	Congenital deformity of knee	CONTAINER		YES
ICD10CM:Q74.1	Congenital malformation of knee	CONTAINER		YES
ICD10CM:Q76	Congenital malformations of spine and bony thorax	CONTAINER		
ICD10CM:Q76.428	Congenital lordosis, sacral and sacrococcygeal region	CONTAINER		
ICD10CM:Q76.7	Congenital malformation of sternum	CONTAINER		YES
ICD10CM:Q79	Congenital malformations of musculoskeletal system, not elsewhere classified	CONTAINER		
ICD10CM:Q83	Congenital malformations of breast	CONTAINER		
ICD10CM:Q84.1	Congenital morphological disturbances of hair, not elsewhere classified	CONTAINER		YES
ICD10CM:Q85	Phakomatoses, not elsewhere classified	CONTAINER		
ICD10CM:Q86	Congenital malformation syndromes due to known exogenous causes, not elsewhere classified	CONTAINER		
ICD10CM:Q87.0	Congenital malformation syndromes predominantly affecting facial appearance	CONTAINER		YES
ICD10CM:Q87.1	Congenital malformation syndromes predominantly associated with short stature	CONTAINER		YES
ICD10CM:Q87.2	Congenital malformation syndromes predominantly involving limbs	CONTAINER		YES
ICD10CM:Q87.3	Congenital malformation syndromes involving early overgrowth	CONTAINER		YES
ICD10CM:Q89.0	Congenital absence and malformations of spleen	CONTAINER		YES
ICD10CM:Q89.09	Congenital malformations of spleen	CONTAINER		
ICD10CM:Q89.1	Congenital malformations of adrenal gland	CONTAINER		
ICD10CM:Q89.2	Congenital malformations of other endocrine glands	CONTAINER		YES
ICD10CM:Q89.7	Multiple congenital malformations, not elsewhere classified	CONTAINER		YES
ICD10CM:Q93	Monosomies and deletions from the autosomes, not elsewhere classified	CONTAINER		
ICD10CM:Q95	Balanced rearrangements and structural markers, not elsewhere classified	CONTAINER		
ICD10CM:Q20.1	Double outlet right ventricle	LATERALITY	HP:0001719	YES
ICD10CM:Q20.2	Double outlet left ventricle	LATERALITY	HP:0011581	YES
ICD10CM:Q36.0	Cleft lip, bilateral	LATERALITY		YES
ICD10CM:Q36.9	Cleft lip, unilateral	LATERALITY		YES
ICD10CM:Q37.0	Cleft hard palate with bilateral cleft lip	LATERALITY		YES
ICD10CM:Q37.1	Cleft hard palate with unilateral cleft lip	LATERALITY		YES
ICD10CM:Q37.2	Cleft soft palate with bilateral cleft lip	LATERALITY		YES
ICD10CM:Q37.3	Cleft soft palate with unilateral cleft lip	LATERALITY		YES
ICD10CM:Q37.4	Cleft hard and soft palate with bilateral cleft lip	LATERALITY		YES
ICD10CM:Q37.5	Cleft hard and soft palate with unilateral cleft lip	LATERALITY		YES
ICD10CM:Q50.01	Congenital absence of ovary, unilateral	LATERALITY		
ICD10CM:Q50.02	Congenital absence of ovary, bilateral	LATERALITY		
ICD10CM:Q52.121	Longitudinal vaginal septum, obstructing, right side	LATERALITY		
ICD10CM:Q52.122	Longitudinal vaginal septum, obstructing, left side	LATERALITY		
ICD10CM:Q52.123	Longitudinal vaginal septum, microperforate, right side	LATERALITY		
ICD10CM:Q52.124	Longitudinal vaginal septum, microperforate, left side	LATERALITY		
ICD10CM:Q53.01	Ectopic testis, unilateral	LATERALITY		
ICD10CM:Q53.1	Undescended testicle, unilateral	LATERALITY		
ICD10CM:Q53.2	Undescended testicle, bilateral	LATERALITY		
ICD10CM:Q60.0	Renal agenesis, unilateral	LATERALITY		YES
ICD10CM:Q60.1	Renal agenesis, bilateral	LATERALITY		YES
ICD10CM:Q60.3	Renal hypoplasia, unilateral	LATERALITY		YES
ICD10CM:Q60.4	Renal hypoplasia, bilateral	LATERALITY		YES
ICD10CM:Q65.0	Congenital dislocation of hip, unilateral	LATERALITY		
ICD10CM:Q65.01	Congenital dislocation of right hip, unilateral	LATERALITY		
ICD10CM:Q65.02	Congenital dislocation of left hip, unilateral	LATERALITY		
ICD10CM:Q65.1	Congenital dislocation of hip, bilateral	LATERALITY		
ICD10CM:Q65.3	Congenital partial dislocation of hip, unilateral	LATERALITY		
ICD10CM:Q65.31	Congenital partial dislocation of right hip, unilateral	LATERALITY		
ICD10CM:Q65.32	Congenital partial dislocation of left hip, unilateral	LATERALITY		
ICD10CM:Q65.4	Congenital partial dislocation of hip, bilateral	LATERALITY		
ICD10CM:Q66.01	Congenital talipes equinovarus, right foot	LATERALITY		
ICD10CM:Q66.02	Congenital talipes equinovarus, left foot	LATERALITY		
ICD10CM:Q66.11	Congenital talipes calcaneovarus, right foot	LATERALITY		
ICD10CM:Q66.12	Congenital talipes calcaneovarus, left foot	LATERALITY		
ICD10CM:Q66.211	Congenital metatarsus primus varus, right foot	LATERALITY		
ICD10CM:Q66.212	Congenital metatarsus primus varus, left foot	LATERALITY		
ICD10CM:Q66.221	Congenital metatarsus adductus, right foot	LATERALITY		
ICD10CM:Q66.222	Congenital metatarsus adductus, left foot	LATERALITY		
ICD10CM:Q66.41	Congenital talipes calcaneovalgus, right foot	LATERALITY		
ICD10CM:Q66.42	Congenital talipes calcaneovalgus, left foot	LATERALITY		
ICD10CM:Q66.51	Congenital pes planus, right foot	LATERALITY		
ICD10CM:Q66.52	Congenital pes planus, left foot	LATERALITY		
ICD10CM:Q66.71	Congenital pes cavus, right foot	LATERALITY		
ICD10CM:Q66.72	Congenital pes cavus, left foot	LATERALITY		
ICD10CM:Q66.81	Congenital vertical talus deformity, right foot	LATERALITY		
ICD10CM:Q66.82	Congenital vertical talus deformity, left foot	LATERALITY		
ICD10CM:Q70.01	Fused fingers, right hand	LATERALITY		
ICD10CM:Q70.02	Fused fingers, left hand	LATERALITY		
ICD10CM:Q70.11	Webbed fingers, right hand	LATERALITY		
ICD10CM:Q70.12	Webbed fingers, left hand	LATERALITY		
ICD10CM:Q70.21	Fused toes, right foot	LATERALITY		
ICD10CM:Q70.22	Fused toes, left foot	LATERALITY		
ICD10CM:Q70.31	Webbed toes, right foot	LATERALITY		
ICD10CM:Q70.32	Webbed toes, left foot	LATERALITY		
ICD10CM:Q71.01	Congenital complete absence of right upper limb	LATERALITY		
ICD10CM:Q71.02	Congenital complete absence of left upper limb	LATERALITY		
ICD10CM:Q71.03	Congenital complete absence of upper limb, bilateral	LATERALITY		
ICD10CM:Q71.11	Congenital absence of right upper arm and forearm with hand present	LATERALITY		
ICD10CM:Q71.12	Congenital absence of left upper arm and forearm with hand present	LATERALITY		
ICD10CM:Q71.13	Congenital absence of upper arm and forearm with hand present, bilateral	LATERALITY		YES
ICD10CM:Q71.21	Congenital absence of both forearm and hand, right upper limb	LATERALITY		
ICD10CM:Q71.22	Congenital absence of both forearm and hand, left upper limb	LATERALITY		
ICD10CM:Q71.31	Congenital absence of right hand and finger	LATERALITY		
ICD10CM:Q71.32	Congenital absence of left hand and finger	LATERALITY		
ICD10CM:Q71.33	Congenital absence of hand and finger, bilateral	LATERALITY		
ICD10CM:Q71.41	Longitudinal reduction defect of right radius	LATERALITY		
ICD10CM:Q71.42	Longitudinal reduction defect of left radius	LATERALITY		
ICD10CM:Q71.43	Longitudinal reduction defect of radius, bilateral	LATERALITY		
ICD10CM:Q71.51	Longitudinal reduction defect of right ulna	LATERALITY		
ICD10CM:Q71.52	Longitudinal reduction defect of left ulna	LATERALITY		
ICD10CM:Q71.53	Longitudinal reduction defect of ulna, bilateral	LATERALITY		
ICD10CM:Q71.61	Lobster-claw right hand	LATERALITY		
ICD10CM:Q71.62	Lobster-claw left hand	LATERALITY		
ICD10CM:Q71.63	Lobster-claw hand, bilateral	LATERALITY		
ICD10CM:Q71.811	Congenital shortening of right upper limb	LATERALITY		
ICD10CM:Q71.812	Congenital shortening of left upper limb	LATERALITY		
ICD10CM:Q71.813	Congenital shortening of upper limb, bilateral	LATERALITY		
ICD10CM:Q72.01	Congenital complete absence of right lower limb	LATERALITY		
ICD10CM:Q72.02	Congenital complete absence of left lower limb	LATERALITY		
ICD10CM:Q72.03	Congenital complete absence of lower limb, bilateral	LATERALITY		
ICD10CM:Q72.11	Congenital absence of right thigh and lower leg with foot present	LATERALITY		
ICD10CM:Q72.12	Congenital absence of left thigh and lower leg with foot present	LATERALITY		
ICD10CM:Q72.13	Congenital absence of thigh and lower leg with foot present, bilateral	LATERALITY		YES
ICD10CM:Q72.21	Congenital absence of both lower leg and foot, right lower limb	LATERALITY		
ICD10CM:Q72.22	Congenital absence of both lower leg and foot, left lower limb	LATERALITY		
ICD10CM:Q72.31	Congenital absence of right foot and toe(s)	LATERALITY		
ICD10CM:Q72.32	Congenital absence of left foot and toe(s)	LATERALITY		
ICD10CM:Q72.33	Congenital absence of foot and toe(s), bilateral	LATERALITY		
ICD10CM:Q72.41	Longitudinal reduction defect of right femur	LATERALITY		
ICD10CM:Q72.42	Longitudinal reduction defect of left femur	LATERALITY		
ICD10CM:Q72.43	Longitudinal reduction defect of femur, bilateral	LATERALITY		
ICD10CM:Q72.51	Longitudinal reduction defect of right tibia	LATERALITY		
ICD10CM:Q72.52	Longitudinal reduction defect of left tibia	LATERALITY		
ICD10CM:Q72.53	Longitudinal reduction defect of tibia, bilateral	LATERALITY		
ICD10CM:Q72.61	Longitudinal reduction defect of right fibula	LATERALITY		
ICD10CM:Q72.62	Longitudinal reduction defect of left fibula	LATERALITY		
ICD10CM:Q72.63	Longitudinal reduction defect of fibula, bilateral	LATERALITY		
ICD10CM:Q72.71	Split foot, right lower limb	LATERALITY		
ICD10CM:Q72.72	Split foot, left lower limb	LATERALITY		
ICD10CM:Q72.811	Congenital shortening of right lower limb	LATERALITY		
ICD10CM:Q72.812	Congenital shortening of left lower limb	LATERALITY		
ICD10CM:Q72.813	Congenital shortening of lower limb, bilateral	LATERALITY		
ICD10CM:Q75.021	Coronal craniosynostosis unilateral	LATERALITY		
ICD10CM:Q75.022	Coronal craniosynostosis bilateral	LATERALITY		
ICD10CM:Q75.041	Lambdoid craniosynostosis, unilateral	LATERALITY		
ICD10CM:Q75.042	Lambdoid craniosynostosis, bilateral	LATERALITY		
ICD10CM:Q01.1	Nasofrontal encephalocele	PHENOTYPE	HP:0011818	YES
ICD10CM:Q04.1	Arhinencephaly	PHENOTYPE	HP:0002139	YES
ICD10CM:Q06.0	Amyelia	PHENOTYPE	HP:0100566	YES
ICD10CM:Q06.4	Hydromyelia	PHENOTYPE	HP:0100565	YES
ICD10CM:Q12.4	Spherophakia	PHENOTYPE	HP:0034375	YES
ICD10CM:Q13.3	Congenital corneal opacity	PHENOTYPE	HP:0007957	YES
ICD10CM:Q13.5	Blue sclera	PHENOTYPE	HP:0000592	
ICD10CM:Q17.1	Macrotia	PHENOTYPE	HP:0000400	
ICD10CM:Q17.5	Prominent ear	PHENOTYPE	HP:0000411	
ICD10CM:Q18.5	Microstomia	PHENOTYPE	HP:0000160	
ICD10CM:Q20.5	Discordant atrioventricular connection	PHENOTYPE	HP:0011553	YES
ICD10CM:Q21.11	Secundum atrial septal defect	PHENOTYPE	HP:0001684	
ICD10CM:Q21.13	Coronary sinus atrial septal defect	PHENOTYPE	HP:0011643	
ICD10CM:Q22.0	Pulmonary valve atresia	PHENOTYPE	HP:0010882	
ICD10CM:Q23.81	Bicuspid aortic valve	PHENOTYPE	HP:0001647	
ICD10CM:Q24.4	Congenital subaortic stenosis	PHENOTYPE	HP:0001682	YES
ICD10CM:Q25.1	Coarctation of aorta	PHENOTYPE	HP:0001680	YES
ICD10CM:Q25.45	Double aortic arch	PHENOTYPE	HP:0011590	
ICD10CM:Q25.72	Congenital pulmonary arteriovenous malformation	PHENOTYPE	HP:0006548	
ICD10CM:Q26.1	Persistent left superior vena cava	PHENOTYPE	HP:0005301	YES
ICD10CM:Q26.2	Total anomalous pulmonary venous connection	PHENOTYPE	HP:0005160	YES
ICD10CM:Q27.3	Arteriovenous malformation (peripheral)	PHENOTYPE	HP:0100026	YES
ICD10CM:Q31.2	Laryngeal hypoplasia	PHENOTYPE	HP:0008749	
ICD10CM:Q32.2	Congenital bronchomalacia	PHENOTYPE	HP:0002780	
ICD10CM:Q35.7	Cleft uvula	PHENOTYPE	HP:0000193	YES
ICD10CM:Q39.4	Esophageal web	PHENOTYPE	HP:0100594	
ICD10CM:Q43.5	Ectopic anus	PHENOTYPE	HP:0004397	
ICD10CM:Q43.7	Persistent cloaca	PHENOTYPE	HP:0012621	
ICD10CM:Q51.820	Cervical duplication	PHENOTYPE	HP:6000414	
ICD10CM:Q52.2	Congenital rectovaginal fistula	PHENOTYPE	HP:0000143	
ICD10CM:Q52.3	Imperforate hymen	PHENOTYPE	HP:0030011	YES
ICD10CM:Q53.0	Ectopic testis	PHENOTYPE	HP:6000460	
ICD10CM:Q54.4	Congenital chordee	PHENOTYPE	HP:0000041	YES
ICD10CM:Q55.22	Retractile testis	PHENOTYPE	HP:0012646	
ICD10CM:Q55.62	Hypoplasia of penis	PHENOTYPE	HP:0008736	
ICD10CM:Q61.0	Congenital renal cyst	PHENOTYPE	HP:0000107	
ICD10CM:Q61.02	Congenital multiple renal cysts	PHENOTYPE	HP:0005562	
ICD10CM:Q62.2	Congenital megaureter	PHENOTYPE	HP:0000072;HP:0008676	YES
ICD10CM:Q63.2	Ectopic kidney	PHENOTYPE	HP:0000086	
ICD10CM:Q64.73	Congenital urethrorectal fistula	PHENOTYPE	HP:0025407	
ICD10CM:Q65.81	Congenital coxa valga	PHENOTYPE	HP:0002673	
ICD10CM:Q66.1	Congenital talipes calcaneovarus	PHENOTYPE	HP:0008124	
ICD10CM:Q66.2	Congenital metatarsus (primus) varus	PHENOTYPE	HP:0001840	
ICD10CM:Q66.22	Congenital metatarsus adductus	PHENOTYPE	HP:0001840	
ICD10CM:Q66.4	Congenital talipes calcaneovalgus	PHENOTYPE	HP:0001884;HP:0005850	
ICD10CM:Q66.5	Congenital pes planus	PHENOTYPE	HP:0001763	
ICD10CM:Q66.7	Congenital pes cavus	PHENOTYPE	HP:0001761	
ICD10CM:Q67.0	Congenital facial asymmetry	PHENOTYPE	HP:0000324	
ICD10CM:Q67.2	Dolichocephaly	PHENOTYPE	HP:0000268	
ICD10CM:Q67.3	Plagiocephaly	PHENOTYPE	HP:0001357	YES
ICD10CM:Q67.7	Pectus carinatum	PHENOTYPE	HP:0000768	
ICD10CM:Q70.1	Webbed fingers	PHENOTYPE	HP:0010554	YES
ICD10CM:Q70.2	Fused toes	PHENOTYPE	HP:0001770	YES
ICD10CM:Q70.3	Webbed toes	PHENOTYPE	HP:0001770	YES
ICD10CM:Q71.6	Lobster-claw hand	PHENOTYPE	HP:0100257	YES
ICD10CM:Q75.01	Sagittal craniosynostosis	PHENOTYPE	HP:0004442	
ICD10CM:Q75.02	Coronal craniosynostosis	PHENOTYPE	HP:0004440	
ICD10CM:Q75.03	Metopic craniosynostosis	PHENOTYPE	HP:0011330	
ICD10CM:Q75.051	Cloverleaf skull	PHENOTYPE	HP:0002676	
ICD10CM:Q75.052	Pansynostosis	PHENOTYPE	HP:0011325	
ICD10CM:Q75.2	Hypertelorism	PHENOTYPE	HP:0000316	
ICD10CM:Q75.3	Macrocephaly	PHENOTYPE	HP:0000256;HP:0004488	YES
ICD10CM:Q76.41	Congenital kyphosis	PHENOTYPE	HP:0002808	
ICD10CM:Q76.42	Congenital lordosis	PHENOTYPE	HP:0003307	
ICD10CM:Q78.5	Metaphyseal dysplasia	PHENOTYPE	HP:0100255	YES
ICD10CM:Q78.6	Multiple congenital exostoses	PHENOTYPE	HP:0002762	YES
ICD10CM:Q82.6	Congenital sacral dimple	PHENOTYPE	HP:0000960	
ICD10CM:Q83.2	Absent nipple	PHENOTYPE	HP:0002561	
ICD10CM:Q83.3	Accessory nipple	PHENOTYPE	HP:0002558	YES
ICD10CM:Q84.3	Anonychia	PHENOTYPE	HP:0001798	YES
ICD10CM:Q84.4	Congenital leukonychia	PHENOTYPE	HP:0001820	YES
ICD10CM:Q89.01	Asplenia (congenital)	PHENOTYPE	HP:0001746	
ICD10CM:Q01.9	Encephalocele, unspecified	RESIDUAL	HP:0002084	YES
ICD10CM:Q03.8	Other congenital hydrocephalus	RESIDUAL		YES
ICD10CM:Q03.9	Congenital hydrocephalus, unspecified	RESIDUAL	HP:0000238	YES
ICD10CM:Q04	Other congenital malformations of brain	RESIDUAL		
ICD10CM:Q04.3	Other reduction deformities of brain	RESIDUAL		YES
ICD10CM:Q04.8	Other specified congenital malformations of brain	RESIDUAL		YES
ICD10CM:Q04.9	Congenital malformation of brain, unspecified	RESIDUAL		
ICD10CM:Q05.4	Unspecified spina bifida with hydrocephalus	RESIDUAL		YES
ICD10CM:Q05.9	Spina bifida, unspecified	RESIDUAL	HP:0002414	YES
ICD10CM:Q06	Other congenital malformations of spinal cord	RESIDUAL		
ICD10CM:Q06.3	Other congenital cauda equina malformations	RESIDUAL		
ICD10CM:Q06.8	Other specified congenital malformations of spinal cord	RESIDUAL		YES
ICD10CM:Q06.9	Congenital malformation of spinal cord, unspecified	RESIDUAL		
ICD10CM:Q07	Other congenital malformations of nervous system	RESIDUAL		
ICD10CM:Q07.8	Other specified congenital malformations of nervous system	RESIDUAL		YES
ICD10CM:Q07.9	Congenital malformation of nervous system, unspecified	RESIDUAL		
ICD10CM:Q10.3	Other congenital malformations of eyelid	RESIDUAL		YES
ICD10CM:Q10.6	Other congenital malformations of lacrimal apparatus	RESIDUAL		YES
ICD10CM:Q11.1	Other anophthalmos	RESIDUAL		YES
ICD10CM:Q12.8	Other congenital lens malformations	RESIDUAL		
ICD10CM:Q12.9	Congenital lens malformation, unspecified	RESIDUAL		
ICD10CM:Q13.2	Other congenital malformations of iris	RESIDUAL		
ICD10CM:Q13.4	Other congenital corneal malformations	RESIDUAL		YES
ICD10CM:Q13.8	Other congenital malformations of anterior segment of eye	RESIDUAL		YES
ICD10CM:Q13.89	Other congenital malformations of anterior segment of eye	RESIDUAL		
ICD10CM:Q13.9	Congenital malformation of anterior segment of eye, unspecified	RESIDUAL		
ICD10CM:Q14.8	Other congenital malformations of posterior segment of eye	RESIDUAL		YES
ICD10CM:Q14.9	Congenital malformation of posterior segment of eye, unspecified	RESIDUAL		
ICD10CM:Q15	Other congenital malformations of eye	RESIDUAL		
ICD10CM:Q15.8	Other specified congenital malformations of eye	RESIDUAL		YES
ICD10CM:Q15.9	Congenital malformation of eye, unspecified	RESIDUAL		
ICD10CM:Q16.4	Other congenital malformations of middle ear	RESIDUAL		YES
ICD10CM:Q16.9	Congenital malformation of ear causing impairment of hearing, unspecified	RESIDUAL		
ICD10CM:Q17	Other congenital malformations of ear	RESIDUAL		
ICD10CM:Q17.3	Other misshapen ear	RESIDUAL		
ICD10CM:Q17.8	Other specified congenital malformations of ear	RESIDUAL		
ICD10CM:Q17.9	Congenital malformation of ear, unspecified	RESIDUAL		
ICD10CM:Q18	Other congenital malformations of face and neck	RESIDUAL		
ICD10CM:Q18.2	Other branchial cleft malformations	RESIDUAL		YES
ICD10CM:Q18.8	Other specified congenital malformations of face and neck	RESIDUAL		YES
ICD10CM:Q18.9	Congenital malformation of face and neck, unspecified	RESIDUAL		
ICD10CM:Q20.8	Other congenital malformations of cardiac chambers and connections	RESIDUAL		YES
ICD10CM:Q20.9	Congenital malformation of cardiac chambers and connections, unspecified	RESIDUAL		
ICD10CM:Q21.10	Atrial septal defect, unspecified	RESIDUAL	HP:0001631	
ICD10CM:Q21.16	Sinus venosus atrial septal defect, unspecified	RESIDUAL	HP:0011567	
ICD10CM:Q21.19	Other specified atrial septal defect	RESIDUAL		
ICD10CM:Q21.20	Atrioventricular septal defect, unspecified as to partial or complete	RESIDUAL		
ICD10CM:Q21.8	Other congenital malformations of cardiac septa	RESIDUAL		
ICD10CM:Q21.9	Congenital malformation of cardiac septum, unspecified	RESIDUAL		YES
ICD10CM:Q22.3	Other congenital malformations of pulmonary valve	RESIDUAL		
ICD10CM:Q22.8	Other congenital malformations of tricuspid valve	RESIDUAL		YES
ICD10CM:Q22.9	Congenital malformation of tricuspid valve, unspecified	RESIDUAL		YES
ICD10CM:Q23.8	Other congenital malformations of aortic and mitral valves	RESIDUAL		YES
ICD10CM:Q23.88	Other congenital malformations of aortic and mitral valves	RESIDUAL		
ICD10CM:Q23.9	Congenital malformation of aortic and mitral valves, unspecified	RESIDUAL		
ICD10CM:Q24	Other congenital malformations of heart	RESIDUAL		
ICD10CM:Q24.8	Other specified congenital malformations of heart	RESIDUAL		YES
ICD10CM:Q24.9	Congenital malformation of heart, unspecified	RESIDUAL		YES
ICD10CM:Q25.29	Other atresia of aorta	RESIDUAL		
ICD10CM:Q25.4	Other congenital malformations of aorta	RESIDUAL		YES
ICD10CM:Q25.40	Congenital malformation of aorta unspecified	RESIDUAL		
ICD10CM:Q25.49	Other congenital malformations of aorta	RESIDUAL		
ICD10CM:Q25.7	Other congenital malformations of pulmonary artery	RESIDUAL		YES
ICD10CM:Q25.79	Other congenital malformations of pulmonary artery	RESIDUAL		
ICD10CM:Q25.8	Other congenital malformations of other great arteries	RESIDUAL		YES
ICD10CM:Q25.9	Congenital malformation of great arteries, unspecified	RESIDUAL		
ICD10CM:Q26.4	Anomalous pulmonary venous connection, unspecified	RESIDUAL		YES
ICD10CM:Q26.8	Other congenital malformations of great veins	RESIDUAL		YES
ICD10CM:Q26.9	Congenital malformation of great vein, unspecified	RESIDUAL		YES
ICD10CM:Q27	Other congenital malformations of peripheral vascular system	RESIDUAL		
ICD10CM:Q27.2	Other congenital malformations of renal artery	RESIDUAL		
ICD10CM:Q27.30	Arteriovenous malformation, site unspecified	RESIDUAL		
ICD10CM:Q27.8	Other specified congenital malformations of peripheral vascular system	RESIDUAL		YES
ICD10CM:Q27.9	Congenital malformation of peripheral vascular system, unspecified	RESIDUAL		
ICD10CM:Q28	Other congenital malformations of circulatory system	RESIDUAL		
ICD10CM:Q28.1	Other malformations of precerebral vessels	RESIDUAL		YES
ICD10CM:Q28.3	Other malformations of cerebral vessels	RESIDUAL		YES
ICD10CM:Q28.8	Other specified congenital malformations of circulatory system	RESIDUAL		YES
ICD10CM:Q28.9	Congenital malformation of circulatory system, unspecified	RESIDUAL		
ICD10CM:Q30.8	Other congenital malformations of nose	RESIDUAL		YES
ICD10CM:Q30.9	Congenital malformation of nose, unspecified	RESIDUAL		YES
ICD10CM:Q31.8	Other congenital malformations of larynx	RESIDUAL		YES
ICD10CM:Q31.9	Congenital malformation of larynx, unspecified	RESIDUAL		YES
ICD10CM:Q32.1	Other congenital malformations of trachea	RESIDUAL		YES
ICD10CM:Q32.4	Other congenital malformations of bronchus	RESIDUAL		YES
ICD10CM:Q33.8	Other congenital malformations of lung	RESIDUAL		YES
ICD10CM:Q33.9	Congenital malformation of lung, unspecified	RESIDUAL		
ICD10CM:Q34	Other congenital malformations of respiratory system	RESIDUAL		
ICD10CM:Q34.8	Other specified congenital malformations of respiratory system	RESIDUAL		YES
ICD10CM:Q34.9	Congenital malformation of respiratory system, unspecified	RESIDUAL		
ICD10CM:Q35.9	Cleft palate, unspecified	RESIDUAL	HP:0000175	YES
ICD10CM:Q37.8	Unspecified cleft palate with bilateral cleft lip	RESIDUAL		YES
ICD10CM:Q37.9	Unspecified cleft palate with unilateral cleft lip	RESIDUAL		YES
ICD10CM:Q38	Other congenital malformations of tongue, mouth and pharynx	RESIDUAL		
ICD10CM:Q38.3	Other congenital malformations of tongue	RESIDUAL		YES
ICD10CM:Q38.6	Other congenital malformations of mouth	RESIDUAL		YES
ICD10CM:Q38.8	Other congenital malformations of pharynx	RESIDUAL		
ICD10CM:Q39.8	Other congenital malformations of esophagus	RESIDUAL		YES
ICD10CM:Q39.9	Congenital malformation of esophagus, unspecified	RESIDUAL		
ICD10CM:Q40	Other congenital malformations of upper alimentary tract	RESIDUAL		
ICD10CM:Q40.2	Other specified congenital malformations of stomach	RESIDUAL		YES
ICD10CM:Q40.3	Congenital malformation of stomach, unspecified	RESIDUAL		
ICD10CM:Q40.8	Other specified congenital malformations of upper alimentary tract	RESIDUAL		
ICD10CM:Q40.9	Congenital malformation of upper alimentary tract, unspecified	RESIDUAL		
ICD10CM:Q41.8	Congenital absence, atresia and stenosis of other specified parts of small intestine	RESIDUAL		YES
ICD10CM:Q41.9	Congenital absence, atresia and stenosis of small intestine, part unspecified	RESIDUAL		YES
ICD10CM:Q42.9	Congenital absence, atresia and stenosis of large intestine, part unspecified	RESIDUAL		YES
ICD10CM:Q43	Other congenital malformations of intestine	RESIDUAL		
ICD10CM:Q43.2	Other congenital functional disorders of colon	RESIDUAL		
ICD10CM:Q43.8	Other specified congenital malformations of intestine	RESIDUAL		YES
ICD10CM:Q43.9	Congenital malformation of intestine, unspecified	RESIDUAL		
ICD10CM:Q44.1	Other congenital malformations of gallbladder	RESIDUAL		
ICD10CM:Q44.5	Other congenital malformations of bile ducts	RESIDUAL		
ICD10CM:Q44.7	Other congenital malformations of liver	RESIDUAL		YES
ICD10CM:Q44.70	Other congenital malformation of liver, unspecified	RESIDUAL		
ICD10CM:Q44.79	Other congenital malformations of liver	RESIDUAL		
ICD10CM:Q45	Other congenital malformations of digestive system	RESIDUAL		
ICD10CM:Q45.3	Other congenital malformations of pancreas and pancreatic duct	RESIDUAL		YES
ICD10CM:Q45.8	Other specified congenital malformations of digestive system	RESIDUAL		YES
ICD10CM:Q45.9	Congenital malformation of digestive system, unspecified	RESIDUAL		
ICD10CM:Q50.3	Other congenital malformations of ovary	RESIDUAL		
ICD10CM:Q50.39	Other congenital malformation of ovary	RESIDUAL		
ICD10CM:Q50.6	Other congenital malformations of fallopian tube and broad ligament	RESIDUAL		
ICD10CM:Q51.2	Other doubling of uterus	RESIDUAL		YES
ICD10CM:Q51.28	Other and unspecified doubling of uterus	RESIDUAL		
ICD10CM:Q51.8	Other congenital malformations of uterus and cervix	RESIDUAL		YES
ICD10CM:Q51.81	Other congenital malformations of uterus	RESIDUAL		
ICD10CM:Q51.818	Other congenital malformations of uterus	RESIDUAL		
ICD10CM:Q51.82	Other congenital malformations of cervix	RESIDUAL		
ICD10CM:Q51.828	Other congenital malformations of cervix	RESIDUAL		
ICD10CM:Q51.9	Congenital malformation of uterus and cervix, unspecified	RESIDUAL		
ICD10CM:Q52	Other congenital malformations of female genitalia	RESIDUAL		
ICD10CM:Q52.10	Doubling of vagina, unspecified	RESIDUAL		
ICD10CM:Q52.129	Other and unspecified longitudinal vaginal septum	RESIDUAL		
ICD10CM:Q52.4	Other congenital malformations of vagina	RESIDUAL		
ICD10CM:Q52.7	Other and unspecified congenital malformations of vulva	RESIDUAL		
ICD10CM:Q52.70	Unspecified congenital malformations of vulva	RESIDUAL		
ICD10CM:Q52.79	Other congenital malformations of vulva	RESIDUAL		
ICD10CM:Q52.8	Other specified congenital malformations of female genitalia	RESIDUAL		
ICD10CM:Q52.9	Congenital malformation of female genitalia, unspecified	RESIDUAL		
ICD10CM:Q53.00	Ectopic testis, unspecified	RESIDUAL	HP:6000460	
ICD10CM:Q53.10	Unspecified undescended testicle, unilateral	RESIDUAL		
ICD10CM:Q53.20	Undescended testicle, unspecified, bilateral	RESIDUAL		
ICD10CM:Q53.9	Undescended testicle, unspecified	RESIDUAL		YES
ICD10CM:Q54.8	Other hypospadias	RESIDUAL		YES
ICD10CM:Q54.9	Hypospadias, unspecified	RESIDUAL	HP:0000047	YES
ICD10CM:Q55	Other congenital malformations of male genital organs	RESIDUAL		
ICD10CM:Q55.2	Other and unspecified congenital malformations of testis and scrotum	RESIDUAL		
ICD10CM:Q55.20	Unspecified congenital malformations of testis and scrotum	RESIDUAL		
ICD10CM:Q55.29	Other congenital malformations of testis and scrotum	RESIDUAL		
ICD10CM:Q55.4	Other congenital malformations of vas deferens, epididymis, seminal vesicles and prostate	RESIDUAL		YES
ICD10CM:Q55.6	Other congenital malformations of penis	RESIDUAL		YES
ICD10CM:Q55.69	Other congenital malformation of penis	RESIDUAL		
ICD10CM:Q55.8	Other specified congenital malformations of male genital organs	RESIDUAL		YES
ICD10CM:Q55.9	Congenital malformation of male genital organ, unspecified	RESIDUAL		
ICD10CM:Q56.3	Pseudohermaphroditism, unspecified	RESIDUAL		YES
ICD10CM:Q56.4	Indeterminate sex, unspecified	RESIDUAL		
ICD10CM:Q60	Renal agenesis and other reduction defects of kidney	RESIDUAL		
ICD10CM:Q60.2	Renal agenesis, unspecified	RESIDUAL	HP:0000104	YES
ICD10CM:Q60.5	Renal hypoplasia, unspecified	RESIDUAL	HP:0000089	YES
ICD10CM:Q61.00	Congenital renal cyst, unspecified	RESIDUAL	HP:0000107	
ICD10CM:Q61.19	Other polycystic kidney, infantile type	RESIDUAL		
ICD10CM:Q61.3	Polycystic kidney, unspecified	RESIDUAL	HP:0000113	YES
ICD10CM:Q61.8	Other cystic kidney diseases	RESIDUAL		
ICD10CM:Q61.9	Cystic kidney disease, unspecified	RESIDUAL		YES
ICD10CM:Q62.10	Congenital occlusion of ureter, unspecified	RESIDUAL		
ICD10CM:Q62.3	Other obstructive defects of renal pelvis and ureter	RESIDUAL		
ICD10CM:Q62.39	Other obstructive defects of renal pelvis and ureter	RESIDUAL		
ICD10CM:Q62.60	Malposition of ureter, unspecified	RESIDUAL		
ICD10CM:Q62.69	Other malposition of ureter	RESIDUAL		
ICD10CM:Q62.8	Other congenital malformations of ureter	RESIDUAL		
ICD10CM:Q63	Other congenital malformations of kidney	RESIDUAL		
ICD10CM:Q63.8	Other specified congenital malformations of kidney	RESIDUAL		YES
ICD10CM:Q63.9	Congenital malformation of kidney, unspecified	RESIDUAL		
ICD10CM:Q64	Other congenital malformations of urinary system	RESIDUAL		
ICD10CM:Q64.10	Exstrophy of urinary bladder, unspecified	RESIDUAL		
ICD10CM:Q64.19	Other exstrophy of urinary bladder	RESIDUAL		
ICD10CM:Q64.3	Other atresia and stenosis of urethra and bladder neck	RESIDUAL		YES
ICD10CM:Q64.39	Other atresia and stenosis of urethra and bladder neck	RESIDUAL		
ICD10CM:Q64.7	Other and unspecified congenital malformations of bladder and urethra	RESIDUAL		YES
ICD10CM:Q64.70	Unspecified congenital malformation of bladder and urethra	RESIDUAL		
ICD10CM:Q64.79	Other congenital malformations of bladder and urethra	RESIDUAL		
ICD10CM:Q64.8	Other specified congenital malformations of urinary system	RESIDUAL		
ICD10CM:Q64.9	Congenital malformation of urinary system, unspecified	RESIDUAL		
ICD10CM:Q65.00	Congenital dislocation of unspecified hip, unilateral	RESIDUAL		
ICD10CM:Q65.2	Congenital dislocation of hip, unspecified	RESIDUAL	HP:0002827	
ICD10CM:Q65.30	Congenital partial dislocation of unspecified hip, unilateral	RESIDUAL		
ICD10CM:Q65.5	Congenital partial dislocation of hip, unspecified	RESIDUAL		
ICD10CM:Q65.8	Other congenital deformities of hip	RESIDUAL		YES
ICD10CM:Q65.89	Other specified congenital deformities of hip	RESIDUAL		
ICD10CM:Q65.9	Congenital deformity of hip, unspecified	RESIDUAL		
ICD10CM:Q66.00	Congenital talipes equinovarus, unspecified foot	RESIDUAL		
ICD10CM:Q66.10	Congenital talipes calcaneovarus, unspecified foot	RESIDUAL		
ICD10CM:Q66.219	Congenital metatarsus primus varus, unspecified foot	RESIDUAL		
ICD10CM:Q66.229	Congenital metatarsus adductus, unspecified foot	RESIDUAL		
ICD10CM:Q66.3	Other congenital varus deformities of feet	RESIDUAL		
ICD10CM:Q66.30	Other congenital varus deformities of feet, unspecified foot	RESIDUAL		
ICD10CM:Q66.31	Other congenital varus deformities of feet, right foot	RESIDUAL		
ICD10CM:Q66.32	Other congenital varus deformities of feet, left foot	RESIDUAL		
ICD10CM:Q66.40	Congenital talipes calcaneovalgus, unspecified foot	RESIDUAL		
ICD10CM:Q66.50	Congenital pes planus, unspecified foot	RESIDUAL		
ICD10CM:Q66.6	Other congenital valgus deformities of feet	RESIDUAL		
ICD10CM:Q66.70	Congenital pes cavus, unspecified foot	RESIDUAL		
ICD10CM:Q66.8	Other congenital deformities of feet	RESIDUAL		YES
ICD10CM:Q66.80	Congenital vertical talus deformity, unspecified foot	RESIDUAL		
ICD10CM:Q66.89	Other specified congenital deformities of feet	RESIDUAL		YES
ICD10CM:Q66.9	Congenital deformity of feet, unspecified	RESIDUAL		
ICD10CM:Q66.90	Congenital deformity of feet, unspecified, unspecified foot	RESIDUAL		
ICD10CM:Q66.91	Congenital deformity of feet, unspecified, right foot	RESIDUAL		
ICD10CM:Q66.92	Congenital deformity of feet, unspecified, left foot	RESIDUAL		
ICD10CM:Q67.4	Other congenital deformities of skull, face and jaw	RESIDUAL		YES
ICD10CM:Q67.8	Other congenital deformities of chest	RESIDUAL		
ICD10CM:Q68	Other congenital musculoskeletal deformities	RESIDUAL		
ICD10CM:Q68.5	Congenital bowing of long bones of leg, unspecified	RESIDUAL		YES
ICD10CM:Q68.8	Other specified congenital musculoskeletal deformities	RESIDUAL		YES
ICD10CM:Q69.9	Polydactyly, unspecified	RESIDUAL	HP:0010442	YES
ICD10CM:Q70.00	Fused fingers, unspecified hand	RESIDUAL		
ICD10CM:Q70.10	Webbed fingers, unspecified hand	RESIDUAL		
ICD10CM:Q70.20	Fused toes, unspecified foot	RESIDUAL		
ICD10CM:Q70.30	Webbed toes, unspecified foot	RESIDUAL		
ICD10CM:Q70.4	Polysyndactyly, unspecified	RESIDUAL		YES
ICD10CM:Q70.9	Syndactyly, unspecified	RESIDUAL	HP:0001159	YES
ICD10CM:Q71.00	Congenital complete absence of unspecified upper limb	RESIDUAL		
ICD10CM:Q71.10	Congenital absence of unspecified upper arm and forearm with hand present	RESIDUAL		
ICD10CM:Q71.20	Congenital absence of both forearm and hand, unspecified upper limb	RESIDUAL		
ICD10CM:Q71.30	Congenital absence of unspecified hand and finger	RESIDUAL		
ICD10CM:Q71.40	Longitudinal reduction defect of unspecified radius	RESIDUAL		
ICD10CM:Q71.50	Longitudinal reduction defect of unspecified ulna	RESIDUAL		
ICD10CM:Q71.60	Lobster-claw hand, unspecified hand	RESIDUAL		
ICD10CM:Q71.8	Other reduction defects of upper limb	RESIDUAL		YES
ICD10CM:Q71.819	Congenital shortening of unspecified upper limb	RESIDUAL		
ICD10CM:Q71.89	Other reduction defects of upper limb	RESIDUAL		
ICD10CM:Q71.891	Other reduction defects of right upper limb	RESIDUAL		
ICD10CM:Q71.892	Other reduction defects of left upper limb	RESIDUAL		
ICD10CM:Q71.893	Other reduction defects of upper limb, bilateral	RESIDUAL		
ICD10CM:Q71.899	Other reduction defects of unspecified upper limb	RESIDUAL		
ICD10CM:Q71.9	Unspecified reduction defect of upper limb	RESIDUAL		YES
ICD10CM:Q71.90	Unspecified reduction defect of unspecified upper limb	RESIDUAL		
ICD10CM:Q71.91	Unspecified reduction defect of right upper limb	RESIDUAL		
ICD10CM:Q71.92	Unspecified reduction defect of left upper limb	RESIDUAL		
ICD10CM:Q71.93	Unspecified reduction defect of upper limb, bilateral	RESIDUAL		
ICD10CM:Q72.00	Congenital complete absence of unspecified lower limb	RESIDUAL		
ICD10CM:Q72.10	Congenital absence of unspecified thigh and lower leg with foot present	RESIDUAL		
ICD10CM:Q72.20	Congenital absence of both lower leg and foot, unspecified lower limb	RESIDUAL		
ICD10CM:Q72.30	Congenital absence of unspecified foot and toe(s)	RESIDUAL		
ICD10CM:Q72.40	Longitudinal reduction defect of unspecified femur	RESIDUAL		
ICD10CM:Q72.50	Longitudinal reduction defect of unspecified tibia	RESIDUAL		
ICD10CM:Q72.60	Longitudinal reduction defect of unspecified fibula	RESIDUAL		
ICD10CM:Q72.70	Split foot, unspecified lower limb	RESIDUAL		
ICD10CM:Q72.8	Other reduction defects of lower limb	RESIDUAL		YES
ICD10CM:Q72.819	Congenital shortening of unspecified lower limb	RESIDUAL		
ICD10CM:Q72.89	Other reduction defects of lower limb	RESIDUAL		
ICD10CM:Q72.891	Other reduction defects of right lower limb	RESIDUAL		
ICD10CM:Q72.892	Other reduction defects of left lower limb	RESIDUAL		
ICD10CM:Q72.893	Other reduction defects of lower limb, bilateral	RESIDUAL		
ICD10CM:Q72.899	Other reduction defects of unspecified lower limb	RESIDUAL		
ICD10CM:Q72.9	Unspecified reduction defect of lower limb	RESIDUAL		YES
ICD10CM:Q72.90	Unspecified reduction defect of unspecified lower limb	RESIDUAL		
ICD10CM:Q72.91	Unspecified reduction defect of right lower limb	RESIDUAL		
ICD10CM:Q72.92	Unspecified reduction defect of left lower limb	RESIDUAL		
ICD10CM:Q72.93	Unspecified reduction defect of lower limb, bilateral	RESIDUAL		
ICD10CM:Q73	Reduction defects of unspecified limb	RESIDUAL		
ICD10CM:Q73.0	Congenital absence of unspecified limb(s)	RESIDUAL		YES
ICD10CM:Q73.1	Phocomelia, unspecified limb(s)	RESIDUAL		YES
ICD10CM:Q73.8	Other reduction defects of unspecified limb(s)	RESIDUAL		YES
ICD10CM:Q74	Other congenital malformations of limb(s)	RESIDUAL		
ICD10CM:Q74.0	Other congenital malformations of upper limb(s), including shoulder girdle	RESIDUAL		YES
ICD10CM:Q74.2	Other congenital malformations of lower limb(s), including pelvic girdle	RESIDUAL		YES
ICD10CM:Q74.8	Other specified congenital malformations of limb(s)	RESIDUAL		YES
ICD10CM:Q74.9	Unspecified congenital malformation of limb(s)	RESIDUAL		
ICD10CM:Q75	Other congenital malformations of skull and face bones	RESIDUAL		
ICD10CM:Q75.00	Craniosynostosis unspecified	RESIDUAL	HP:0001363	
ICD10CM:Q75.001	Craniosynostosis unspecified, unilateral	RESIDUAL		
ICD10CM:Q75.002	Craniosynostosis unspecified, bilateral	RESIDUAL		
ICD10CM:Q75.009	Craniosynostosis unspecified	RESIDUAL	HP:0001363	
ICD10CM:Q75.029	Coronal craniosynostosis unspecified	RESIDUAL	HP:0004440	
ICD10CM:Q75.049	Lambdoid craniosynostosis, unspecified	RESIDUAL		
ICD10CM:Q75.058	Other multi-suture craniosynostosis	RESIDUAL		
ICD10CM:Q75.08	Other single-suture craniosynostosis	RESIDUAL		
ICD10CM:Q75.8	Other specified congenital malformations of skull and face bones	RESIDUAL		YES
ICD10CM:Q75.9	Congenital malformation of skull and face bones, unspecified	RESIDUAL		
ICD10CM:Q76.4	Other congenital malformations of spine, not associated with scoliosis	RESIDUAL		YES
ICD10CM:Q76.419	Congenital kyphosis, unspecified region	RESIDUAL		
ICD10CM:Q76.429	Congenital lordosis, unspecified region	RESIDUAL		
ICD10CM:Q76.49	Other congenital malformations of spine, not associated with scoliosis	RESIDUAL		
ICD10CM:Q76.6	Other congenital malformations of ribs	RESIDUAL		
ICD10CM:Q76.8	Other congenital malformations of bony thorax	RESIDUAL		YES
ICD10CM:Q76.9	Congenital malformation of bony thorax, unspecified	RESIDUAL		
ICD10CM:Q77.8	Other osteochondrodysplasia with defects of growth of tubular bones and spine	RESIDUAL		YES
ICD10CM:Q77.9	Osteochondrodysplasia with defects of growth of tubular bones and spine, unspecified	RESIDUAL		
ICD10CM:Q78	Other osteochondrodysplasias	RESIDUAL		
ICD10CM:Q78.8	Other specified osteochondrodysplasias	RESIDUAL		YES
ICD10CM:Q78.9	Osteochondrodysplasia, unspecified	RESIDUAL		YES
ICD10CM:Q79.1	Other congenital malformations of diaphragm	RESIDUAL		YES
ICD10CM:Q79.5	Other congenital malformations of abdominal wall	RESIDUAL		
ICD10CM:Q79.59	Other congenital malformations of abdominal wall	RESIDUAL		
ICD10CM:Q79.60	Ehlers-Danlos syndrome, unspecified	RESIDUAL		
ICD10CM:Q79.69	Other Ehlers-Danlos syndromes	RESIDUAL		
ICD10CM:Q79.8	Other congenital malformations of musculoskeletal system	RESIDUAL		YES
ICD10CM:Q79.9	Congenital malformation of musculoskeletal system, unspecified	RESIDUAL		
ICD10CM:Q80.8	Other congenital ichthyosis	RESIDUAL		YES
ICD10CM:Q80.9	Congenital ichthyosis, unspecified	RESIDUAL	HP:0007431;HP:0008064	
ICD10CM:Q81.8	Other epidermolysis bullosa	RESIDUAL		YES
ICD10CM:Q81.9	Epidermolysis bullosa, unspecified	RESIDUAL		YES
ICD10CM:Q82	Other congenital malformations of skin	RESIDUAL		
ICD10CM:Q82.8	Other specified congenital malformations of skin	RESIDUAL		YES
ICD10CM:Q82.9	Congenital malformation of skin, unspecified	RESIDUAL		
ICD10CM:Q83.8	Other congenital malformations of breast	RESIDUAL		
ICD10CM:Q83.9	Congenital malformation of breast, unspecified	RESIDUAL		
ICD10CM:Q84	Other congenital malformations of integument	RESIDUAL		
ICD10CM:Q84.2	Other congenital malformations of hair	RESIDUAL		YES
ICD10CM:Q84.6	Other congenital malformations of nails	RESIDUAL		YES
ICD10CM:Q84.8	Other specified congenital malformations of integument	RESIDUAL		YES
ICD10CM:Q84.9	Congenital malformation of integument, unspecified	RESIDUAL		
ICD10CM:Q85.00	Neurofibromatosis, unspecified	RESIDUAL	HP:0001067	YES
ICD10CM:Q85.09	Other neurofibromatosis	RESIDUAL		
ICD10CM:Q85.8	Other phakomatoses, not elsewhere classified	RESIDUAL		YES
ICD10CM:Q85.82	Other Cowden syndrome	RESIDUAL		
ICD10CM:Q85.89	Other phakomatoses, not elsewhere classified	RESIDUAL		
ICD10CM:Q85.9	Phakomatosis, unspecified	RESIDUAL		YES
ICD10CM:Q86.8	Other congenital malformation syndromes due to known exogenous causes	RESIDUAL		YES
ICD10CM:Q87	Other specified congenital malformation syndromes affecting multiple systems	RESIDUAL		
ICD10CM:Q87.19	Other congenital malformation syndromes predominantly associated with short stature	RESIDUAL		
ICD10CM:Q87.40	Marfan syndrome, unspecified	RESIDUAL		YES
ICD10CM:Q87.5	Other congenital malformation syndromes with other skeletal changes	RESIDUAL		YES
ICD10CM:Q87.8	Other specified congenital malformation syndromes, not elsewhere classified	RESIDUAL		YES
ICD10CM:Q87.89	Other specified congenital malformation syndromes, not elsewhere classified	RESIDUAL		YES
ICD10CM:Q89	Other congenital malformations, not elsewhere classified	RESIDUAL		
ICD10CM:Q89.8	Other specified congenital malformations	RESIDUAL		YES
ICD10CM:Q89.9	Congenital malformation, unspecified	RESIDUAL		
ICD10CM:Q90.9	Down syndrome, unspecified	RESIDUAL		YES
ICD10CM:Q91.3	Trisomy 18, unspecified	RESIDUAL		YES
ICD10CM:Q91.7	Trisomy 13, unspecified	RESIDUAL		YES
ICD10CM:Q92	Other trisomies and partial trisomies of the autosomes, not elsewhere classified	RESIDUAL		
ICD10CM:Q92.8	Other specified trisomies and partial trisomies of autosomes	RESIDUAL		YES
ICD10CM:Q92.9	Trisomy and partial trisomy of autosomes, unspecified	RESIDUAL		
ICD10CM:Q93.5	Other deletions of part of a chromosome	RESIDUAL		YES
ICD10CM:Q93.59	Other deletions of part of a chromosome	RESIDUAL		
ICD10CM:Q93.8	Other deletions from the autosomes	RESIDUAL		YES
ICD10CM:Q93.88	Other microdeletions	RESIDUAL		
ICD10CM:Q93.89	Other deletions from the autosomes	RESIDUAL		
ICD10CM:Q93.9	Deletion from autosomes, unspecified	RESIDUAL		YES
ICD10CM:Q95.8	Other balanced rearrangements and structural markers	RESIDUAL		
ICD10CM:Q95.9	Balanced rearrangement and structural marker, unspecified	RESIDUAL		
ICD10CM:Q96.8	Other variants of Turner's syndrome	RESIDUAL		YES
ICD10CM:Q96.9	Turner's syndrome, unspecified	RESIDUAL		YES
ICD10CM:Q97	Other sex chromosome abnormalities, female phenotype, not elsewhere classified	RESIDUAL		
ICD10CM:Q97.8	Other specified sex chromosome abnormalities, female phenotype	RESIDUAL		
ICD10CM:Q97.9	Sex chromosome abnormality, female phenotype, unspecified	RESIDUAL		
ICD10CM:Q98	Other sex chromosome abnormalities, male phenotype, not elsewhere classified	RESIDUAL		
ICD10CM:Q98.3	Other male with 46, XX karyotype	RESIDUAL		
ICD10CM:Q98.4	Klinefelter syndrome, unspecified	RESIDUAL		YES
ICD10CM:Q98.8	Other specified sex chromosome abnormalities, male phenotype	RESIDUAL		YES
ICD10CM:Q98.9	Sex chromosome abnormality, male phenotype, unspecified	RESIDUAL		
ICD10CM:Q99	Other chromosome abnormalities, not elsewhere classified	RESIDUAL		
ICD10CM:Q99.8	Other specified chromosome abnormalities	RESIDUAL		YES
ICD10CM:Q99.9	Chromosomal abnormality, unspecified	RESIDUAL		
